{"blue": [[-0.1269, 0.63715625], [-0.1269, 0.49780275], [-0.12704493234495373, 0.4988735228572977], [-0.12804050804460154, 0.5020166559552218], [-0.13064462829309043, 0.5070364004904967], [-0.13543889202527554, 0.5136435593991048], [-0.14276250000000001, 0.5215034216190194], [-0.1526701934074724, 0.5302890729642293], [-0.16491844131365913, 0.5397294804388728], [-0.17898132163583225, 0.5496426196757029], [-0.1940946282930904, 0.5599466873566952], [-0.2093239678051839, 0.570646625], [-0.2236502530776798, 0.5817980221001735], [-0.23606429106736995, 0.5934550751371854], [-0.24566126204638516, 0.6056127884050563], [-0.2517258893711392, 0.6181553276515381], [-0.2538, 0.630822], [-0.2517258893711392, 0.6431997361177976], [-0.24566126204638525, 0.6547465836590128], [-0.23606429106737, 0.6648453020357707], [-0.22365025307767972, 0.6728806021700189], [-0.20932396780518397, 0.678328875], [-0.19409462829309046, 0.680846253402739], [-0.17898132163583236, 0.6803401373887246], [-0.16491844131365913, 0.677011088256492], [-0.15267019340747243, 0.6713560498628146], [-0.14276250000000007, 0.6641295783809806], [-0.13543889202527554, 0.6562662540045155], [-0.13064462829309043, 0.6487736587500692], [-0.12804050804460154, 0.6426102098073946], [-0.12704493234495373, 0.638564912113076]], "red": [[-0.1267550676550463, 0.638564912113076], [-0.12575949195539848, 0.6426102098073946], [-0.1231553717069096, 0.6487736587500692], [-0.11836110797472449, 0.6562662540045155], [-0.11103750000000001, 0.6641295783809805], [-0.10112980659252763, 0.6713560498628146], [-0.08888155868634087, 0.677011088256492], [-0.07481867836416775, 0.6803401373887246], [-0.059705371706909593, 0.680846253402739], [-0.04447603219481605, 0.678328875], [-0.03014974692232028, 0.6728806021700189], [-0.017735708932630073, 0.6648453020357707], [-0.00813873795361486, 0.654746583659013], [-0.00207411062886087, 0.6431997361177977], [0.0, 0.630822], [-0.0020741106288608147, 0.6181553276515381], [-0.008138737953614805, 0.6056127884050564], [-0.017735708932630045, 0.5934550751371854], [-0.030149746922320225, 0.5817980221001735], [-0.04447603219481605, 0.570646625], [-0.059705371706909593, 0.5599466873566952], [-0.07481867836416772, 0.5496426196757029], [-0.08888155868634084, 0.5397294804388729], [-0.1011298065925276, 0.5302890729642293], [-0.11103750000000001, 0.5215034216190194], [-0.11836110797472446, 0.5136435593991048], [-0.1231553717069096, 0.5070364004904967], [-0.12575949195539848, 0.5020166559552218], [-0.1267550676550463, 0.4988735228572977]]}