{"yellow": [[-0.2538, 0.73217], [-0.2538, 0.6900819601328904], [-0.2538, 0.6479939202657807], [-0.2538, 0.6059058803986711], [-0.2538, 0.5638178405315615], [-0.2538, 0.5217298006644518], [-0.2538, 0.4796417607973422], [-0.22263157894736846, 0.4788], [-0.19082706766917296, 0.4788], [-0.15902255639097745, 0.4788], [-0.12721804511278195, 0.4788], [-0.09541353383458648, 0.4788], [-0.06360902255639098, 0.4788], [-0.031804511278195474, 0.4788], [0.0, 0.4788], [0.0, 0.5208880398671096], [0.0, 0.5629760797342193], [0.0, 0.6050641196013289], [0.0, 0.6471521594684385], [0.0, 0.6892401993355481], [0.0, 0.7313282392026578], [-0.031168421052631567, 0.73217], [-0.06297293233082707, 0.73217], [-0.09477744360902257, 0.73217], [-0.12658195488721805, 0.73217], [-0.15838646616541355, 0.73217], [-0.19019097744360902, 0.73217], [-0.22199548872180452, 0.73217]], "red": [[-0.09350526315789473, 0.5217298006644518], [-0.0521593984962406, 0.5469826245847176], [-0.04134586466165413, 0.5116286710963455], [-0.07315037593984963, 0.5116286710963455], [-0.0903248120300752, 0.5133121926910299], [-0.058520300751879695, 0.5133121926910299], [-0.04452631578947369, 0.5284638870431894], [-0.09286917293233082, 0.5823365780730897], [-0.09159699248120301, 0.5419320598006645], [-0.09286917293233082, 0.5436155813953488], [-0.09414135338345866, 0.5823365780730897], [-0.15838646616541355, 0.5823365780730897], [-0.14121203007518798, 0.5419320598006645], [-0.11449624060150376, 0.5318309302325581], [-0.0973218045112782, 0.5739189700996677], [-0.10622706766917295, 0.5469826245847176], [-0.13230676691729326, 0.5276221262458471], [-0.15138947368421055, 0.5638178405315615], [-0.15965864661654136, 0.5823365780730897], [-0.15838646616541355, 0.5419320598006645], [-0.1679278195488722, 0.5116286710963455], [-0.19973233082706768, 0.5116286710963455], [-0.20482105263157896, 0.5360397342192691], [-0.21118195488721808, 0.5175209966777409], [-0.18383007518796995, 0.5133121926910299], [-0.15965864661654136, 0.5234133222591362], [-0.15965864661654136, 0.5655013621262458], [-0.16411127819548874, 0.6033805980066445], [-0.16220300751879702, 0.5629760797342193], [-0.16220300751879702, 0.5208880398671096], [-0.19146315789473686, 0.5158374750830564], [-0.19973233082706768, 0.5377232558139535], [-0.20227669172932333, 0.5175209966777409], [-0.17047218045112783, 0.5175209966777409], [-0.16347518796992483, 0.5511914285714286], [-0.16347518796992483, 0.5932794684385382], [-0.1666556390977444, 0.6033805980066445], [-0.16538345864661658, 0.5629760797342193], [-0.16538345864661658, 0.5208880398671096], [-0.19655187969924814, 0.5192045182724252], [-0.17746917293233083, 0.5208880398671096], [-0.1666556390977444, 0.548666146179402], [-0.1666556390977444, 0.5907541860465116], [-0.16601954887218046, 0.6050641196013289], [-0.1666556390977444, 0.6059058803986711], [-0.16601954887218046, 0.6067476411960133], [-0.08778045112781954, 0.6168487707641196], [-0.10241052631578948, 0.5764442524916944], [-0.11958496240601504, 0.5351979734219269], [-0.1431203007518797, 0.5604507973421927], [-0.15965864661654136, 0.6025388372093023], [-0.15266165413533836, 0.5890706644518272], [-0.1354872180451128, 0.5469826245847176], [-0.11322406015037595, 0.552874950166113], [-0.09668571428571429, 0.5949629900332226], [-0.08587218045112782, 0.6176905315614618], [-0.08523609022556392, 0.5772860132890365], [-0.08523609022556392, 0.5351979734219269], [-0.06360902255639098, 0.5208880398671096], [-0.0591563909774436, 0.5436155813953488], [-0.05788421052631579, 0.5192045182724252], [-0.08650827067669173, 0.5250968438538206], [-0.08650827067669173, 0.5671848837209302], [-0.08650827067669173, 0.6092729235880399], [-0.08714436090225564, 0.6176905315614618], [-0.1666556390977444, 0.6176905315614618], [-0.19973233082706768, 0.6606203322259137], [-0.19846015037593986, 0.6202158139534883], [-0.19846015037593986, 0.5781277740863787], [-0.19973233082706768, 0.5579255149501661], [-0.19973233082706768, 0.6000135548172757], [-0.19973233082706768, 0.6421015946843853], [-0.05279548872180451, 0.6614620930232558], [-0.05152330827067669, 0.6210575747508306], [-0.05152330827067669, 0.5789695348837209], [-0.05279548872180451, 0.557083754152824], [-0.05279548872180451, 0.5991717940199336], [-0.05279548872180451, 0.6412598338870432], [-0.05979248120300751, 0.6614620930232558], [-0.058520300751879695, 0.6210575747508306], [-0.058520300751879695, 0.5789695348837209], [-0.05979248120300751, 0.5537167109634551], [-0.05979248120300751, 0.5958047508305648], [-0.05979248120300751, 0.6378927906976744], [-0.19591578947368424, 0.662303853820598], [-0.1946436090225564, 0.6218993355481728], [-0.1946436090225564, 0.5798112956810632], [-0.19591578947368424, 0.552874950166113], [-0.19591578947368424, 0.5949629900332226], [-0.19591578947368424, 0.6370510299003322], [-0.056612030075187975, 0.6631456146179402], [-0.05533984962406016, 0.6227410963455149], [-0.05533984962406016, 0.5806530564784053], [-0.0521593984962406, 0.5385650166112956], [-0.058520300751879695, 0.5158374750830564], [-0.08905263157894738, 0.5183627574750831], [-0.08905263157894738, 0.5604507973421927], [-0.08905263157894738, 0.6025388372093023], [-0.10559097744360904, 0.5604507973421927], [-0.1278541353383459, 0.5318309302325581], [-0.14820902255639098, 0.566343122923588], [-0.15965864661654136, 0.5983300332225914], [-0.1424842105263158, 0.5562419933554817], [-0.11831278195488723, 0.5335144518272426], [-0.10113834586466167, 0.5756024916943522], [-0.08778045112781954, 0.592437707641196], [-0.08778045112781954, 0.5503496677740863], [-0.08078345864661654, 0.5175209966777409], [-0.048978947368421066, 0.5175209966777409], [-0.056612030075187975, 0.5537167109634551], [-0.056612030075187975, 0.5958047508305648], [-0.056612030075187975, 0.6378927906976744], [-0.20036842105263158, 0.6631456146179402], [-0.0521593984962406, 0.6639873754152824], [-0.19337142857142858, 0.6639873754152824], [-0.19209924812030077, 0.6235828571428571], [-0.19209924812030077, 0.5814948172757475], [-0.1940075187969925, 0.5394067774086378], [-0.1946436090225564, 0.5427738205980066], [-0.19337142857142858, 0.5848618604651162], [-0.19337142857142858, 0.6269499003322259], [-0.19655187969924814, 0.6639873754152824], [-0.20100451127819552, 0.6648291362126246], [-0.19718796992481205, 0.666512657807309], [-0.20164060150375943, 0.6673544186046512], [-0.19782406015037596, 0.6681961794019933], [-0.04961503759398497, 0.6715632225913621], [-0.05343157894736841, 0.6724049833887042], [-0.056612030075187975, 0.6724049833887042], [-0.20418496240601505, 0.6740885049833887], [-0.05279548872180451, 0.6749302657807309], [-0.19718796992481205, 0.6749302657807309], [-0.20036842105263158, 0.6757720265780731], [-0.0521593984962406, 0.6766137873754152], [-0.047706766917293225, 0.6774555481727574], [-0.19782406015037596, 0.6774555481727574], [-0.20100451127819552, 0.6774555481727574], [-0.20164060150375943, 0.6791390697674419], [-0.05343157894736841, 0.6816643521594684], [-0.045798496240601505, 0.6825061129568106], [-0.05279548872180451, 0.6833478737541527], [-0.2073654135338346, 0.6833478737541527], [-0.04961503759398497, 0.6841896345514951], [-0.20036842105263158, 0.6841896345514951], [-0.0451624060150376, 0.6850313953488372], [-0.048978947368421066, 0.6858731561461794], [-0.0521593984962406, 0.6858731561461794], [-0.20100451127819552, 0.6867149169435216], [-0.20418496240601505, 0.6867149169435216], [-0.20482105263157896, 0.6883984385382059], [-0.20927368421052633, 0.6892401993355481], [-0.2054571428571429, 0.6900819601328904], [-0.09477744360902257, 0.6917654817275747], [-0.10877142857142857, 0.6513609634551495], [-0.12658195488721805, 0.6109564451827243], [-0.1227654135338346, 0.6210575747508306], [-0.10622706766917295, 0.6631456146179402], [-0.20291278195488724, 0.6926072425249169], [-0.17110827067669176, 0.6934490033222591], [-0.15138947368421055, 0.6589368106312292], [-0.1348511278195489, 0.6168487707641196], [-0.11831278195488723, 0.6126399667774086], [-0.10177443609022557, 