{"yellow": [[-0.2538, 0.73217], [-0.2538, 0.7130236523929471], [-0.2538, 0.6938773047858942], [-0.2538, 0.6747309571788414], [-0.2538, 0.6555846095717884], [-0.2538, 0.6364382619647355], [-0.2538, 0.6172919143576826], [-0.2538, 0.5981455667506297], [-0.2538, 0.5789992191435768], [-0.2538, 0.559852871536524], [-0.2538, 0.540706523929471], [-0.2538, 0.5215601763224181], [-0.2538, 0.5024138287153652], [-0.2538, 0.48326748110831236], [-0.24176412371134023, 0.4788], [-0.2260651546391753, 0.4788], [-0.21036618556701034, 0.4788], [-0.19466721649484536, 0.4788], [-0.17896824742268042, 0.4788], [-0.16326927835051547, 0.4788], [-0.14757030927835052, 0.4788], [-0.13187134020618557, 0.4788], [-0.11617237113402062, 0.4788], [-0.10047340206185568, 0.4788], [-0.08477443298969073, 0.4788], [-0.06907546391752578, 0.4788], [-0.05337649484536083, 0.4788], [-0.037677525773195886, 0.4788], [-0.02197855670103091, 0.4788], [-0.0062795876288659624, 0.4788], [0.0, 0.49028780856423176], [0.0, 0.5094341561712846], [0.0, 0.5285805037783375], [0.0, 0.5477268513853905], [0.0, 0.5668731989924434], [0.0, 0.5860195465994962], [0.0, 0.6051658942065491], [0.0, 0.624312241813602], [0.0, 0.6434585894206549], [0.0, 0.6626049370277078], [0.0, 0.6817512846347606], [0.0, 0.7008976322418136], [0.0, 0.7200439798488665], [-0.005756288659793801, 0.73217], [-0.02145525773195875, 0.73217], [-0.0371542268041237, 0.73217], [-0.05285319587628867, 0.73217], [-0.06855216494845362, 0.73217], [-0.08425113402061857, 0.73217], [-0.09995010309278352, 0.73217], [-0.11564907216494846, 0.73217], [-0.1313480412371134, 0.73217], [-0.14704701030927836, 0.73217], [-0.1627459793814433, 0.73217], [-0.17844494845360825, 0.73217], [-0.1941439175257732, 0.73217], [-0.20984288659793815, 0.73217], [-0.22554185567010313, 0.73217], [-0.24124082474226807, 0.73217]], "blue": [[-0.05337649484536083, 0.49347886649874056], [-0.05285319587628867, 0.49475528967254406], [-0.05546969072164948, 0.49475528967254406], [-0.04971340206185568, 0.49539350125944587], [-0.05180659793814432, 0.49539350125944587], [-0.053899793814432995, 0.49539350125944587], [-0.05494639175257732, 0.4960317128463476], [-0.04866680412371133, 0.49666992443324937], [-0.0565162886597938, 0.49666992443324937], [-0.05546969072164948, 0.4973081360201511], [-0.05076, 0.4992227707808564], [-0.05285319587628867, 0.4992227707808564], [-0.05023670103092784, 0.49986098236775817], [-0.05599298969072164, 0.49986098236775817], [-0.048143505154639166, 0.5004991939546599], [-0.049190103092783516, 0.5004991939546599], [-0.05337649484536083, 0.5004991939546599], [-0.05703958762886599, 0.5004991939546599], [-0.04971340206185568, 0.5011374055415617], [-0.05076, 0.5011374055415617], [-0.054423092783505156, 0.5011374055415617], [-0.05546969072164948, 0.5011374055415617], [-0.05180659793814432, 0.5017756171284635], [-0.053899793814432995, 0.5017756171284635], [-0.053899793814432995, 0.503052040302267], [-0.05023670103092784, 0.5036902518891687], [-0.054423092783505156, 0.5043284634760705], [-0.13396453608247422, 0.5241130226700252], [-0.1329179381443299, 0.5062430982367758], [-0.13396453608247422, 0.5011374055415617], [-0.13396453608247422, 0.5202837531486146], [-0.19205072164948456, 0.5247512342569269], [-0.1763517525773196, 0.5253894458438287], [-0.19100412371134023, 0.5241130226700252], [-0.19100412371134023, 0.5049666750629723], [-0.18367793814432992, 0.4941170780856423], [-0.16797896907216497, 0.4941170780856423], [-0.15228000000000003, 0.4941170780856423], [-0.13658103092783508, 0.4941170780856423], [-0.14547711340206188, 0.4928406549118388], [-0.16117608247422682, 0.4928406549118388], [-0.17687505154639177, 0.4928406549118388], [-0.19205072164948456, 0.49475528967254406], [-0.19205072164948456, 0.513901637279597], [-0.06541237113402062, 0.540706523929471], [-0.04971340206185568, 0.5413447355163727], [-0.05180659793814432, 0.5400683123425692], [-0.15018680412371135, 0.540706523929471], [-0.1344878350515464, 0.5413447355163727], [-0.11878886597938146, 0.5413447355163727], [-0.10518309278350516, 0.535600831234257], [-0.09733360824742268, 0.516454483627204], [-0.08896082474226805, 0.4973081360201511], [-0.07430845360824742, 0.4941170780856423], [-0.06593567010309279, 0.503052040302267], [-0.06593567010309279, 0.5221983879093199], [-0.06488907216494846, 0.5400683123425692], [-0.06488907216494846, 0.5209219647355163], [-0.06488907216494846, 0.5017756171284635], [-0.07378515463917526, 0.4928406549118388], [-0.08948412371134021, 0.49475528967254406], [-0.09733360824742268, 0.513901637279597], [-0.10570639175257732, 0.5330479848866498], [-0.1182655670103093, 0.5400683123425692], [-0.13396453608247422, 0.5400683123425692], [-0.149140206185567, 0.5394301007556676], [-0.14443051546391755, 0.5253894458438287], [-0.13815092783505156, 0.5241130226700252], [-0.15018680412371135, 0.529856926952141], [-0.22868164948453612, 0.540706523929471], [-0.21298268041237114, 0.5413447355163727], [-0.1972837113402062, 0.5413447355163727], [-0.18158474226804125, 0.5413447355163727], [-0.17478185567010313, 0.529856926952141], [-0.17582845360824745, 0.5381536775818639], [-0.1899575257731959, 0.5400683123425692], [-0.20565649484536086, 0.5400683123425692], [-0.2213554639175258, 0.5400683123425692], [-0.12297525773195878, 0.5719788916876574], [-0.22920494845360828, 0.5719788916876574], [-0.22815835051546393, 0.5541089672544081], [-0.22920494845360828, 0.546450428211587], [-0.22920494845360828, 0.5655967758186398], [-0.09105402061855669, 0.5738935264483627], [-0.09210061855670104, 0.5738935264483627], [-0.149140206185567, 0.637714685138539], [-0.14076742268041237, 0.6198447607052897], [-0.1329179381443299, 0.6006984130982368], [-0.12454515463917526, 0.5815520654911839], [-0.12611505154639177, 0.5815520654911839], [-0.13396453608247422, 0.6006984130982368], [-0.14233731958762888, 0.6198447607052897], [-0.15018680412371135, 0.637714685138539], [-0.149140206185567, 0.6198447607052897], [-0.149140206185567, 0.6006984130982368], [-0.149140206185567, 0.5815520654911839], [-0.1402441237113402, 0.573255314861461], [-0.12454515463917526, 0.573255314861461], [-0.1360577319587629, 0.5719788916876574], [-0.15018680412371135, 0.5745317380352645], [-0.15018680412371135, 0.5936780856423174], [-0.15018680412371135, 0.6128244332493703], [-0.15018680412371135, 0.6319707808564232], [-0.06593567010309279, 0.6383528967254408], [-0.06488907216494846, 0.6204829722921914], [-0.06488907216494846, 0.6013366246851385], [-0.06488907216494846, 0.5821902770780857], [-0.06593567010309279, 0.5821902770780857], [-0.06593567010309279, 0.6013366246851385], [-0.06593567010309279, 0.6204829722921914], [-0.053899793814432995, 0.6389911083123425], [-0.04866680412371133, 0.621759395465995], [-0.04866680412371133, 0.6026130478589421], [-0.04866680412371133, 0.5834667002518892], [-0.059132783505154635, 0.5719788916876574], [-0.05599298969072164, 0.573255314861461], [-0.04971340206185568, 0.5892106045340051], [-0.04971340206185568, 0.6083569521410579], [-0.04971340206185568, 0.6275032997481108], [-0.06541237113402062, 0.6389911083123425], [-0.09157731958762888, 0.6389911083123425], [-0.09053072164948453, 0.6211211838790932], [-0.09053072164948453, 0.6019748362720403], [-0.09053072164948453, 0.5828284886649874], [-0.09157731958762888, 0.5841049118387909], [-0.09157731958762888, 0.6032512594458438], [-0.09157731958762888, 0.6223976070528967], [-0.19205072164948456, 0.6389911083123425], [-0.19100412371134023, 0.621759395465995], [-0.19100412371134023, 0.6026130478589421], [-0.19100412371134023, 0.5834667002518892], [-0.18367793814432992, 0.573255314861461], [-0.17582845360824745, 0.5828284886649874], [-0.17582845360824745, 0.6019748362720403], [-0.17582845360824745, 0.6211211838790932], [-0.1753051546391753, 0.6396293198992443], [-0.17478185567010313, 0.6204829722921914], [-0.17478185567010313, 0.6013366246851385], [-0.17478185567010313, 0.5821902770780857], [-0.1826313402061856, 0.5719788916876574], [-0.19205072164948456, 0.5802756423173804], 