{"orange": [[-0.2538, 0.73217], [-0.2538, 0.7061833333333334], [-0.2538, 0.6801966666666667], [-0.2538, 0.65421], [-0.2538, 0.6282233333333334], [-0.2538, 0.6022366666666666], [-0.2538, 0.57625], [-0.2538, 0.5502633333333333], [-0.2538, 0.5242766666666667], [-0.2538, 0.49829], [-0.23798656716417912, 0.4788], [-0.17473283582089555, 0.4788], [-0.11147910447761195, 0.4788], [-0.04822537313432837, 0.4788], [0.015028358208955206, 0.4788], [0.07828208955223881, 0.4788], [0.1415358208955224, 0.4788], [0.17000000000000004, 0.4930926666666667], [0.17000000000000004, 0.5190793333333333], [0.17000000000000004, 0.545066], [0.17000000000000004, 0.5710526666666667], [0.17000000000000004, 0.5970393333333334], [0.17000000000000004, 0.623026], [0.17000000000000004, 0.6490126666666667], [0.17000000000000004, 0.6749993333333333], [0.17000000000000004, 0.700986], [0.17000000000000004, 0.7269726666666667], [0.11939701492537313, 0.73217], [0.05614328358208953, 0.73217], [-0.007110447761194044, 0.73217], [-0.07036417910447762, 0.73217], [-0.13361791044776122, 0.73217], [-0.1968716417910448, 0.73217]], "red": [[-0.17473283582089555, 0.494392], [-0.11147910447761195, 0.4956913333333333], [-0.04822537313432837, 0.4956913333333333], [0.015028358208955206, 0.4956913333333333], [-0.003947761194029842, 0.4930926666666667], [-0.06720149253731345, 0.4930926666666667], [-0.13045522388059705, 0.4930926666666667], [-0.1051537313432836, 0.5125826666666666], [-0.13994328358208957, 0.5047866666666667], [-0.1209671641791045, 0.5073853333333334], [-0.10199104477611942, 0.513882], [0.07195671641791046, 0.5268753333333334], [0.030841791044776135, 0.5047866666666667], [-0.03241194029850747, 0.5047866666666667], [-0.09566567164179104, 0.509984], [-0.04189999999999999, 0.5073853333333334], [0.021353731343283555, 0.5073853333333334], [-0.04189999999999999, 0.5385693333333333], [0.015028358208955206, 0.53727], [-0.09250298507462687, 0.5437666666666667], [-0.029249253731343294, 0.545066], [-0.016598507462686568, 0.5424673333333333], [-0.07985223880597017, 0.5424673333333333], [0.005540298507462682, 0.545066], [-0.09566567164179104, 0.5463653333333334], [-0.165244776119403, 0.5502633333333333], [-0.15891940298507465, 0.5268753333333334], [-0.165244776119403, 0.5112833333333333], [-0.165244776119403, 0.53727], [-0.16208208955223882, 0.5515626666666666], [-0.09882835820895525, 0.5515626666666666], [-0.060876119402985096, 0.541168], [-0.07985223880597017, 0.5385693333333333], [-0.11780447761194032, 0.5502633333333333], [-0.09250298507462687, 0.5619573333333333], [-0.17789552238805972, 0.5619573333333333], [-0.17157014925373137, 0.5385693333333333], [-0.17157014925373137, 0.5125826666666666], [-0.17789552238805972, 0.502188], [-0.17789552238805972, 0.5281746666666667], [-0.17789552238805972, 0.5541613333333333], [-0.17473283582089555, 0.5632566666666666], [-0.11147910447761195, 0.5645560000000001], [-0.13045522388059705, 0.5619573333333333], [-0.0007850746268656672, 0.5840460000000001], [0.005540298507462682, 0.560658], [-0.03241194029850747, 0.548964], [-0.08301492537313435, 0.5515626666666666], [-0.019761194029850743, 0.5515626666666666], [-0.0007850746268656672, 0.5697533333333333], [0.008702985074626857, 0.587944], [0.015028358208955206, 0.5645560000000001], [0.008702985074626857, 0.5515626666666666], [0.008702985074626857, 0.5775493333333334], [0.07511940298507463, 0.6009373333333333], [0.08144477611940298, 0.5775493333333334], [0.08144477611940298, 0.5515626666666666], [0.07511940298507463, 0.5281746666666667], [0.07511940298507463, 0.5541613333333333], [0.07511940298507463, 0.580148], [0.08144477611940298, 0.6048353333333334], [0.08777014925373133, 0.5814473333333333], [0.08777014925373133, 0.5554606666666667], [0.08777014925373133, 0.529474], [0.04665522388059701, 0.5034873333333333], [-0.016598507462686568, 0.49958933333333333], [-0.07985223880597017, 0.49958933333333333], [-0.14310597014925375, 0.49958933333333333], [-0.17157014925373137, 0.5151813333333334], [-0.17157014925373137, 0.541168], [-0.14626865671641792, 0.5580593333333334], [-0.09250298507462687, 0.552862], [-0.12412985074626867, 0.5554606666666667], [-0.165244776119403, 0.5463653333333334], [-0.165244776119403, 0.5203786666666667], [-0.14626865671641792, 0.502188], [-0.08301492537313435, 0.502188], [-0.019761194029850743, 0.502188], [0.04032985074626866, 0.506086], [0.08144477611940298, 0.5320726666666666], [0.08144477611940298, 0.5580593333333334], [0.08144477611940298, 0.5840460000000001], [-0.16208208955223882, 0.6126313333333333], [-0.1051537313432836, 0.5970393333333334], [-0.04189999999999999, 0.5970393333333334], [0.021353731343283555, 0.59574], [0.021353731343283555, 0.5697533333333333], [0.021353731343283555, 0.5437666666666667], [0.015028358208955206, 0.5593586666666667], [0.015028358208955206, 0.5853453333333334], [-0.02608656716417912, 0.5944406666666666], [-0.0893402985074627, 0.5944406666666666], [-0.1494313432835821, 0.6048353333333334], [0.024516417910447785, 0.6256246666666667], [0.07828208955223881, 0.6048353333333334], [0.03400447761194031, 0.623026], [-0.1051537313432836, 0.626924], [-0.04189999999999999, 0.6282233333333334], [0.021353731343283555, 0.6282233333333334], [-0.029249253731343294, 0.6256246666666667], [-0.09250298507462687, 0.6256246666666667], [0.02767910447761196, 0.630822], [0.08144477611940298, 0.6100326666666667], [0.04032985074626866, 0.6256246666666667], [0.01819104477611938, 0.6607066666666667], [0.06879402985074629, 0.6594073333333333], [-0.0007850746268656672, 0.6646046666666667], [0.030841791044776135, 0.6516113333333333], [0.08777014925373133, 0.6490126666666667], [0.024516417910447785, 0.6490126666666667], [-0.09250298507462687, 0.665904], [-0.029249253731343294, 0.6672033333333334], [-0.029249253731343294, 0.6646046666666667], [-0.08617761194029852, 0.662006], [-0.07985223880597017, 0.638618], [-0.016598507462686568, 0.638618], [0.04665522388059701, 0.63472], [0.09409552238805968, 0.6087333333333333], [0.09409552238805968, 0.5827466666666666], [0.09409552238805968, 0.55676], [0.09409552238805968, 0.5307733333333333], [0.062468656716417936, 0.5047866666666667], [0.062468656716417936, 0.5086846666666667], [0.08777014925373133, 0.5346713333333334], [0.08777014925373133, 0.560658], [0.08777014925373133, 0.5866446666666667], [0.07828208955223881, 0.6126313333333333], [0.02767910447761196, 0.6360193333333333], [-0.035574626865671644, 0.6360193333333333], [-0.09250298507462687, 0.6399173333333333], [0.0023776119402985074, 0.6711013333333333], [-0.09882835820895525, 0.6711013333333333], [-0.09250298507462687, 0.6477133333333334], [-0.06403880597014927, 0.6334206666666666], [-0.0007850746268656672, 0.6334206666666666], [-0.0007850746268656672, 0.630822], [-0.06403880597014927, 0.630822], [-0.09882835820895525, 0.6438153333333333], [-0.09882835820895525, 0.669802], [-0.09566567164179104, 0.6724006666666666], [-0.03241194029850747, 0.6737], [-0.019761194029850743, 0.6711013333333333], [-0.08301492537313435, 0.6711013333333333], [-0.10831641791044777, 0.6749993333333333], [-0.10199104477611942, 0.6516113333333333], [-0.10831641791044777, 0.6282233333333334], [-0.10831641791044777, 0.65421], [0.011865671641791031, 0.6762986666666666], [0.011865671641791031, 0.6672033333333334], [-0.1051537313432836, 0.677598], [-0.04189999999999999, 0.6788973333333334], [0.008702985074626857, 0.6762986666666666], [-0.05455074626865672, 0.6762986666666666], [-0.165244776119403, 0.6879926666666667], [-0.15891940298507465, 0.6646046666666667], [-0.15891940298507465, 0.638618], [-0.16208208955223882, 0.6126313333333333], [-0.165244776119403, 0.638618], [-0.165244776119403, 0.6646046666666667], [-0.13045522388059705, 0.7061833333333334], [-0.06720149253731345, 0.7074826666666667], [-0.003947761194029842, 0.7074826666666667], [0.05298059701492536, 0.7074826666666667], [0.07828208955223881, 0.6905913333333333], [0.07828208955223881, 0.6646046666666667], [0.07195671641791046, 0.6827953333333333], [0.062468656716417936, 