{"yellow": [[-0.2538, 0.73217], [-0.2538, 0.7092963194444444], [-0.2538, 0.6864226388888889], [-0.2538, 0.6635489583333334], [-0.2538, 0.6406752777777778], [-0.2538, 0.6178015972222222], [-0.2538, 0.5949279166666667], [-0.2538, 0.5720542361111112], [-0.2538, 0.5491805555555556], [-0.2538, 0.526306875], [-0.2538, 0.5034331944444445], [-0.2538, 0.4805595138888889], [-0.22802970297029707, 0.4788], [-0.20011188118811885, 0.4788], [-0.17219405940594062, 0.4788], [-0.1442762376237624, 0.4788], [-0.11635841584158418, 0.4788], [-0.08844059405940596, 0.4788], [-0.06052277227722774, 0.4788], [-0.03260495049504952, 0.4788], [-0.004687128712871302, 0.4788], [0.023230693069306918, 0.4788], [0.05114851485148514, 0.4788], [0.07906633663366336, 0.4788], [0.10698415841584158, 0.4788], [0.1349019801980198, 0.4788], [0.16281980198019802, 0.4788], [0.18, 0.48759756944444443], [0.18, 0.51047125], [0.18, 0.5333449305555555], [0.18, 0.5562186111111111], [0.18, 0.5790922916666666], [0.18, 0.6019659722222223], [0.18, 0.6248396527777778], [0.18, 0.6477133333333334], [0.18, 0.6705870138888889], [0.18, 0.6934606944444445], [0.18, 0.716334375], [0.171409900990099, 0.73217], [0.1434920792079208, 0.73217], [0.11557425742574257, 0.73217], [0.08765643564356435, 0.73217], [0.059738613861386125, 0.73217], [0.031820792079207905, 0.73217], [0.0039029702970296842, 0.73217], [-0.024014851485148536, 0.73217], [-0.05193267326732676, 0.73217], [-0.07985049504950498, 0.73217], [-0.1077683168316832, 0.73217], [-0.13568613861386142, 0.73217], [-0.16360396039603964, 0.73217], [-0.19152178217821786, 0.73217], [-0.21943960396039608, 0.73217], [-0.24735742574257427, 0.73217]], "blue": [[-0.00039207920792083684, 0.5069522222222222], [0.027525742574257384, 0.5087117361111111], [0.055443564356435604, 0.5087117361111111], [0.08336138613861382, 0.5087117361111111], [0.06403366336633659, 0.5051927083333333], [0.03611584158415837, 0.5051927083333333], [0.00819801980198015, 0.5051927083333333], [0.10913168316831678, 0.5139902777777778], [0.09624653465346533, 0.5192688194444445], [0.10483663366336632, 0.51047125], [0.1005415841584158, 0.5175093055555555], [0.10913168316831678, 0.5069522222222222], [0.07047623762376237, 0.5368639583333333], [0.08980396039603955, 0.5298259027777777], [0.08765643564356435, 0.5069522222222222], [0.08550891089108908, 0.5298259027777777], [-0.002539603960396042, 0.5368639583333333], [0.00819801980198015, 0.5351044444444445], [0.0017554455445544237, 0.5175093055555555], [-0.002539603960396042, 0.5192688194444445], [-0.12065346534653468, 0.5368639583333333], [0.014640594059405931, 0.5386234722222222], [-0.10991584158415843, 0.5386234722222222], [-0.09058811881188122, 0.5368639583333333], [-0.13783366336633668, 0.5386234722222222], [-0.12709603960396043, 0.5368639583333333], [-0.08844059405940596, 0.5403829861111111], [-0.14642376237623766, 0.5403829861111111], [-0.07770297029702972, 0.5421425], [-0.15501386138613865, 0.5421425], [-0.0669653465346535, 0.5439020138888889], [-0.16145643564356438, 0.5439020138888889], [-0.002539603960396042, 0.5456615277777778], [-0.05837524752475251, 0.5456615277777778], [-0.04119504950495051, 0.5509400694444444], [-0.01542475247524755, 0.5491805555555556], [-0.013277227722772289, 0.5456615277777778], [-0.03904752475247528, 0.5474210416666667], [-0.10562079207920794, 0.5667756944444444], [-0.08199801980198024, 0.5650161805555556], [-0.08199801980198024, 0.5685352083333334], [-0.11850594059405944, 0.5685352083333334], [-0.11635841584158418, 0.5667756944444444], [-0.12494851485148517, 0.5702947222222222], [-0.0669653465346535, 0.5720542361111112], [-0.1313910891089109, 0.5720542361111112], [-0.13568613861386142, 0.57381375], [-0.2215871287128713, 0.5914088888888889], [-0.20440693069306934, 0.5720542361111112], [-0.17648910891089112, 0.5544590972222222], [-0.17004653465346536, 0.5456615277777778], [-0.19796435643564358, 0.5614971527777778], [-0.21943960396039608, 0.5843708333333333], [-0.03260495049504952, 0.5984469444444445], [-0.04334257425742577, 0.5790922916666666], [-0.049785148514851524, 0.5790922916666666], [-0.22373465346534654, 0.5984469444444445], [-0.16789900990099013, 0.6019659722222223], [-0.1485712871287129, 0.5843708333333333], [-0.14642376237623766, 0.5773327777777778], [-0.16789900990099013, 0.5984469444444445], [0.06618118811881185, 0.6037254861111111], [0.09409900990099007, 0.605485], [0.11557425742574257, 0.5984469444444445], [0.09195148514851481, 0.6019659722222223], [0.07047623762376237, 0.5966874305555555], [0.07047623762376237, 0.57381375], [0.07047623762376237, 0.5509400694444444], [0.06618118811881185, 0.5439020138888889], [0.06618118811881185, 0.5667756944444444], [0.06618118811881185, 0.589649375], [0.0039029702970296842, 0.6037254861111111], [0.021083168316831657, 0.5931684027777777], [0.021083168316831657, 0.5702947222222222], [0.021083168316831657, 0.5474210416666667], [0.016788118811881136, 0.5526995833333334], [0.016788118811881136, 0.5755732638888889], [0.016788118811881136, 0.5984469444444445], [0.00819801980198015, 0.5878898611111111], [0.00819801980198015, 0.5650161805555556], [0.0017554455445544237, 0.5474210416666667], [0.0039029702970296842, 0.5702947222222222], [0.0039029702970296842, 0.5931684027777777], [-0.04334257425742577, 0.6037254861111111], [-0.03475247524752478, 0.6019659722222223], [-0.17004653465346536, 0.6248396527777778], [-0.16575148514851487, 0.605485], [-0.17004653465346536, 0.621320625], [-0.2258821782178218, 0.6283586805555555], [-0.2215871287128713, 0.6090040277777777], [-0.2258821782178218, 0.6107635416666667], [-0.16789900990099013, 0.6301181944444445], [-0.16575148514851487, 0.6336372222222222], [-0.22373465346534654, 0.6353967361111111], [-0.07770297029702972, 0.63715625], [-0.049785148514851524, 0.6389157638888889], [-0.021867326732673303, 0.6389157638888889], [0.006050495049504945, 0.6389157638888889], [0.033968316831683165, 0.6389157638888889], [0.061886138613861386, 0.6389157638888889], [0.08980396039603955, 0.6389157638888889], [0.11772178217821777, 0.6389157638888889], [0.145639603960396, 0.6389157638888889], [0.1499346534653465, 0.6178015972222222], [0.1499346534653465, 0.5949279166666667], [0.12845940594059402, 0.5878898611111111], [0.11772178217821777, 0.5949279166666667], [0.1434920792079208, 0.5914088888888889], [0.145639603960396, 0.6125230555555555], [0.145639603960396, 0.6353967361111111], [0.11772178217821777, 0.6353967361111111], [0.08980396039603955, 0.6353967361111111], [0.061886138613861386, 0.6353967361111111], [0.033968316831683165, 0.6353967361111111], [0.006050495049504945, 0.6353967361111111], [-0.021867326732673303, 0.6353967361111111], [-0.049785148514851524, 0.6353967361111111], [-0.07340792079207922, 0.6318777083333333], [-0.07340792079207922, 0.6090040277777777], [-0.0669653465346535, 0.5914088888888889], [-0.045490099009901, 0.5984469444444445], [-0.05193267326732676, 0.5878898611111111], [-0.07770297029702972, 0.5914088888888889], [-0.07770297029702972, 0.6142825694444445], [-0.062670297029703, 0.6582704166666666], [-0.03475247524752478, 0.6477133333333334], [-0.006834653465346563, 0.6477133333333334], [-0.01757227722772281, 0.6441943055555556], [-0.045490099009901, 0.6494728472222222], [-0.06911287128712873, 0.6600299305555556], [-0.13353861386138616, 0.6600299305555556], [-0.1442762376237624, 0.6494728472222222], [-0.16145643564356438, 0.6389157638888889], [-0.13783366336633668, 0.6582704166666666], [-0.07555544554455448, 0.6617894444444444], [-0.12709603960396043, 0.6617894444444444], [-0.08844059405940596, 0.6635489583333334], [-0.08629306930693073, 0.6617894444444444], [-0.12065346534653468, 0.6635489583333334], [-0.10991584158415843, 0.6653084722222222], [-0.09058811881188122, 0.6635489583333334], [-0.05837524752475251, 0.6899416666666667], [-0.16145643564356438, 0.6899416666666667], [-0.17219405940594062, 0.6811440972222222], [-0.20011188118811885, 0.6617894444444444], [-0.21729207920792082, 0.6389157638888889], [-0.2108495049504951, 