{"blue": [[-0.2538, 0.73217], [-0.2538, 0.7092963194444444], [-0.2538, 0.6864226388888889], [-0.2538, 0.6635489583333334], [-0.2538, 0.6406752777777778], [-0.2538, 0.6178015972222222], [-0.2538, 0.5949279166666667], [-0.2538, 0.5720542361111112], [-0.2538, 0.5491805555555556], [-0.2538, 0.526306875], [-0.2538, 0.5034331944444445], [-0.2538, 0.4805595138888889], [-0.22862376237623766, 0.4788], [-0.20134950495049506, 0.4788], [-0.17407524752475248, 0.4788], [-0.1468009900990099, 0.4788], [-0.11952673267326733, 0.4788], [-0.09225247524752475, 0.4788], [-0.06497821782178217, 0.4788], [-0.0377039603960396, 0.4788], [-0.010429702970297022, 0.4788], [0.01684455445544558, 0.4788], [0.04411881188118816, 0.4788], [0.07139306930693073, 0.4788], [0.09866732673267331, 0.4788], [0.1259415841584159, 0.4788], [0.15321584158415846, 0.4788], [0.17000000000000004, 0.48759756944444443], [0.17000000000000004, 0.51047125], [0.17000000000000004, 0.5333449305555555], [0.17000000000000004, 0.5562186111111111], [0.17000000000000004, 0.5790922916666666], [0.17000000000000004, 0.6019659722222223], [0.17000000000000004, 0.6248396527777778], [0.17000000000000004, 0.6477133333333334], [0.17000000000000004, 0.6705870138888889], [0.17000000000000004, 0.6934606944444445], [0.17000000000000004, 0.716334375], [0.16160792079207925, 0.73217], [0.13433366336633668, 0.73217], [0.1070594059405941, 0.73217], [0.07978514851485152, 0.73217], [0.052510891089108946, 0.73217], [0.02523663366336637, 0.73217], [-0.002037623762376206, 0.73217], [-0.029311881188118782, 0.73217], [-0.056586138613861386, 0.73217], [-0.08386039603960396, 0.73217], [-0.11113465346534654, 0.73217], [-0.13840891089108912, 0.73217], [-0.1656831683168317, 0.73217], [-0.19295742574257427, 0.73217], [-0.22023168316831684, 0.73217], [-0.24750594059405942, 0.73217]], "yellow": [[-0.0062336633663366, 0.5069522222222222], [0.021040594059405948, 0.5087117361111111], [0.048314851485148524, 0.5087117361111111], [0.0755891089108911, 0.5087117361111111], [0.05670693069306931, 0.5051927083333333], [0.029432673267326737, 0.5051927083333333], [0.0021584158415841603, 0.5051927083333333], [0.10076534653465352, 0.5139902777777778], [0.08817722772277231, 0.5192688194444445], [0.0965693069306931, 0.51047125], [0.09237326732673273, 0.5175093055555555], [0.10076534653465352, 0.5069522222222222], [0.06300099009900995, 0.5368639583333333], [0.08188316831683173, 0.5298259027777777], [0.07978514851485152, 0.5069522222222222], [0.07768712871287131, 0.5298259027777777], [-0.008331683168316811, 0.5368639583333333], [0.0021584158415841603, 0.5351044444444445], [-0.004135643564356417, 0.5175093055555555], [-0.008331683168316811, 0.5192688194444445], [-0.12372277227722772, 0.5368639583333333], [0.008452475247524793, 0.5386234722222222], [-0.11323267326732672, 0.5386234722222222], [-0.09435049504950493, 0.5368639583333333], [-0.1405069306930693, 0.5386234722222222], [-0.1300168316831683, 0.5368639583333333], [-0.09225247524752475, 0.5403829861111111], [-0.1488990099009901, 0.5403829861111111], [-0.08176237623762375, 0.5421425], [-0.1572910891089109, 0.5421425], [-0.07127227722772275, 0.5439020138888889], [-0.1635851485148515, 0.5439020138888889], [-0.008331683168316811, 0.5456615277777778], [-0.06288019801980196, 0.5456615277777778], [-0.04609603960396039, 0.5509400694444444], [-0.020919801980197994, 0.5491805555555556], [-0.01882178217821781, 0.5456615277777778], [-0.043998019801980176, 0.5474210416666667], [-0.10903663366336633, 0.5667756944444444], [-0.08595841584158415, 0.5650161805555556], [-0.08595841584158415, 0.5685352083333334], [-0.12162475247524754, 0.5685352083333334], [-0.11952673267326733, 0.5667756944444444], [-0.12791881188118812, 0.5702947222222222], [-0.07127227722772275, 0.5720542361111112], [-0.13421287128712872, 0.5720542361111112], [-0.13840891089108912, 0.57381375], [-0.22232970297029706, 0.5914088888888889], [-0.20554554455445545, 0.5720542361111112], [-0.17827128712871287, 0.5544590972222222], [-0.1719772277227723, 0.5456615277777778], [-0.19925148514851487, 0.5614971527777778], [-0.22023168316831684, 0.5843708333333333], [-0.0377039603960396, 0.5984469444444445], [-0.04819405940594057, 0.5790922916666666], [-0.054488118811881175, 0.5790922916666666], [-0.22442772277227724, 0.5984469444444445], [-0.16987920792079209, 0.6019659722222223], [-0.1509970297029703, 0.5843708333333333], [-0.1488990099009901, 0.5773327777777778], [-0.16987920792079209, 0.5984469444444445], [0.058804950495049524, 0.6037254861111111], [0.0860792079207921, 0.605485], [0.1070594059405941, 0.5984469444444445], [0.08398118811881194, 0.6019659722222223], [0.06300099009900995, 0.5966874305555555], [0.06300099009900995, 0.57381375], [0.06300099009900995, 0.5509400694444444], [0.058804950495049524, 0.5439020138888889], [0.058804950495049524, 0.5667756944444444], [0.058804950495049524, 0.589649375], [-0.002037623762376206, 0.6037254861111111], [0.01474653465346537, 0.5931684027777777], [0.01474653465346537, 0.5702947222222222], [0.01474653465346537, 0.5474210416666667], [0.010550495049504949, 0.5526995833333334], [0.010550495049504949, 0.5755732638888889], [0.010550495049504949, 0.5984469444444445], [0.0021584158415841603, 0.5878898611111111], [0.0021584158415841603, 0.5650161805555556], [-0.004135643564356417, 0.5474210416666667], [-0.002037623762376206, 0.5702947222222222], [-0.002037623762376206, 0.5931684027777777], [-0.04819405940594057, 0.6037254861111111], [-0.03980198019801978, 0.6019659722222223], [-0.1719772277227723, 0.6248396527777778], [-0.16778118811881187, 0.605485], [-0.1719772277227723, 0.621320625], [-0.22652574257425745, 0.6283586805555555], [-0.22232970297029706, 0.6090040277777777], [-0.22652574257425745, 0.6107635416666667], [-0.16987920792079209, 0.6301181944444445], [-0.16778118811881187, 0.6336372222222222], [-0.22442772277227724, 0.6353967361111111], [-0.08176237623762375, 0.63715625], [-0.054488118811881175, 0.6389157638888889], [-0.0272138613861386, 0.6389157638888889], [6.039603960400486e-05, 0.6389157638888889], [0.02733465346534658, 0.6389157638888889], [0.05460891089108916, 0.6389157638888889], [0.08188316831683173, 0.6389157638888889], [0.10915742574257431, 0.6389157638888889], [0.1364316831683169, 0.6389157638888889], [0.14062772277227725, 0.6178015972222222], [0.14062772277227725, 0.5949279166666667], [0.11964752475247531, 0.5878898611111111], [0.10915742574257431, 0.5949279166666667], [0.13433366336633668, 0.5914088888888889], [0.1364316831683169, 0.6125230555555555], [0.1364316831683169, 0.6353967361111111], [0.10915742574257431, 0.6353967361111111], [0.08188316831683173, 0.6353967361111111], [0.05460891089108916, 0.6353967361111111], [0.02733465346534658, 0.6353967361111111], [6.039603960400486e-05, 0.6353967361111111], [-0.0272138613861386, 0.6353967361111111], [-0.054488118811881175, 0.6353967361111111], [-0.07756633663366336, 0.6318777083333333], [-0.07756633663366336, 0.6090040277777777], [-0.07127227722772275, 0.5914088888888889], [-0.05029207920792078, 0.5984469444444445], [-0.056586138613861386, 0.5878898611111111], [-0.08176237623762375, 0.5914088888888889], [-0.08176237623762375, 0.6142825694444445], [-0.06707623762376236, 0.6582704166666666], [-0.03980198019801978, 0.6477133333333334], [-0.012527722772277206, 0.6477133333333334], [-0.023017821782178205, 0.6441943055555556], [-0.05029207920792078, 0.6494728472222222], [-0.07337029702970296, 0.6600299305555556], [-0.13631089108910893, 0.6600299305555556], [-0.1468009900990099, 0.6494728472222222], [-0.1635851485148515, 0.6389157638888889], [-0.1405069306930693, 0.6582704166666666], [-0.07966435643564357, 0.6617894444444444], [-0.1300168316831683, 0.6617894444444444], [-0.09225247524752475, 0.6635489583333334], [-0.09015445544554454, 0.6617894444444444], [-0.12372277227722772, 0.6635489583333334], [-0.11323267326732672, 0.6653084722222222], [-0.09435049504950493, 0.6635489583333334], [-0.06288019801980196, 0.6899416666666667], [-0.1635851485148515, 0.6899416666666667], 