{"yellow": [[-0.2538, 0.73217], [-0.2538, 0.6900819601328904], [-0.2538, 0.6479939202657807], [-0.2538, 0.6059058803986711], [-0.2538, 0.5638178405315615], [-0.2538, 0.5217298006644518], [-0.2538, 0.4796417607973422], [-0.20052631578947372, 0.4788], [-0.1461654135338346, 0.4788], [-0.0918045112781955, 0.4788], [-0.03744360902255639, 0.4788], [0.01691729323308272, 0.4788], [0.07127819548872183, 0.4788], [0.12563909774436088, 0.4788], [0.18, 0.4788], [0.18, 0.5208880398671096], [0.18, 0.5629760797342193], [0.18, 0.6050641196013289], [0.18, 0.6471521594684385], [0.18, 0.6892401993355481], [0.18, 0.7313282392026578], [0.1267263157894737, 0.73217], [0.07236541353383458, 0.73217], [0.018004511278195467, 0.73217], [-0.036356390977443614, 0.73217], [-0.09071729323308272, 0.73217], [-0.1450781954887218, 0.73217], [-0.19943909774436092, 0.73217]], "red": [[0.020178947368421074, 0.5217298006644518], [0.0908481203007519, 0.5469826245847176], [0.10933082706766917, 0.5116286710963455], [0.05496992481203006, 0.5116286710963455], [0.02561503759398498, 0.5133121926910299], [0.07997593984962403, 0.5133121926910299], [0.10389473684210526, 0.5284638870431894], [0.021266165413533822, 0.5823365780730897], [0.023440601503759373, 0.5419320598006645], [0.021266165413533822, 0.5436155813953488], [0.01909172932330827, 0.5823365780730897], [-0.09071729323308272, 0.5823365780730897], [-0.06136240601503762, 0.5419320598006645], [-0.01569924812030077, 0.5318309302325581], [0.013655639097744365, 0.5739189700996677], [-0.0015654135338346031, 0.5469826245847176], [-0.04614135338345865, 0.5276221262458471], [-0.07875789473684211, 0.5638178405315615], [-0.09289172932330828, 0.5823365780730897], [-0.09071729323308272, 0.5419320598006645], [-0.10702556390977444, 0.5116286710963455], [-0.16138646616541355, 0.5116286710963455], [-0.1700842105263158, 0.5360397342192691], [-0.18095639097744365, 0.5175209966777409], [-0.134206015037594, 0.5133121926910299], [-0.09289172932330828, 0.5234133222591362], [-0.09289172932330828, 0.5655013621262458], [-0.10050225563909776, 0.6033805980066445], [-0.0972406015037594, 0.5629760797342193], [-0.0972406015037594, 0.5208880398671096], [-0.14725263157894738, 0.5158374750830564], [-0.16138646616541355, 0.5377232558139535], [-0.16573533834586468, 0.5175209966777409], [-0.11137443609022557, 0.5175209966777409], [-0.09941503759398498, 0.5511914285714286], [-0.09941503759398498, 0.5932794684385382], [-0.10485112781954889, 0.6033805980066445], [-0.10267669172932331, 0.5629760797342193], [-0.10267669172932331, 0.5208880398671096], [-0.15595037593984964, 0.5192045182724252], [-0.12333383458646618, 0.5208880398671096], [-0.10485112781954889, 0.548666146179402], [-0.10485112781954889, 0.5907541860465116], [-0.10376390977443611, 0.6050641196013289], [-0.10485112781954889, 0.6059058803986711], [-0.10376390977443611, 0.6067476411960133], [0.02996390977443608, 0.6168487707641196], [0.004957894736842106, 0.5764442524916944], [-0.024396992481203028, 0.5351979734219269], [-0.06462406015037594, 0.5604507973421927], [-0.09289172932330828, 0.6025388372093023], [-0.08093233082706769, 0.5890706644518272], [-0.051577443609022555, 0.5469826245847176], [-0.01352481203007519, 0.552874950166113], [0.014742857142857113, 0.5949629900332226], [0.033225563909774436, 0.6176905315614618], [0.03431278195488724, 0.5772860132890365], [0.03431278195488724, 0.5351979734219269], [0.07127819548872183, 0.5208880398671096], [0.07888872180451129, 0.5436155813953488], [0.08106315789473684, 0.5192045182724252], [0.03213834586466163, 0.5250968438538206], [0.03213834586466163, 0.5671848837209302], [0.03213834586466163, 0.6092729235880399], [0.031051127819548885, 0.6176905315614618], [-0.10485112781954889, 0.6176905315614618], [-0.16138646616541355, 0.6606203322259137], [-0.15921203007518797, 0.6202158139534883], [-0.15921203007518797, 0.5781277740863787], [-0.16138646616541355, 0.5579255149501661], [-0.16138646616541355, 0.6000135548172757], [-0.16138646616541355, 0.6421015946843853], [0.0897609022556391, 0.6614620930232558], [0.09193533834586465, 0.6210575747508306], [0.09193533834586465, 0.5789695348837209], [0.0897609022556391, 0.557083754152824], [0.0897609022556391, 0.5991717940199336], [0.0897609022556391, 0.6412598338870432], [0.07780150375939848, 0.6614620930232558], [0.07997593984962403, 0.6210575747508306], [0.07997593984962403, 0.5789695348837209], [0.07780150375939848, 0.5537167109634551], [0.07780150375939848, 0.5958047508305648], [0.07780150375939848, 0.6378927906976744], [-0.15486315789473687, 0.662303853820598], [-0.1526887218045113, 0.6218993355481728], [-0.1526887218045113, 0.5798112956810632], [-0.15486315789473687, 0.552874950166113], [-0.15486315789473687, 0.5949629900332226], [-0.15486315789473687, 0.6370510299003322], [0.08323759398496239, 0.6631456146179402], [0.085412030075188, 0.6227410963455149], [0.085412030075188, 0.5806530564784053], [0.0908481203007519, 0.5385650166112956], [0.07997593984962403, 0.5158374750830564], [0.02778947368421053, 0.5183627574750831], [0.02778947368421053, 0.5604507973421927], [0.02778947368421053, 0.6025388372093023], [-0.00047819548872179984, 0.5604507973421927], [-0.03853082706766919, 0.5318309302325581], [-0.0733218045112782, 0.566343122923588], [-0.09289172932330828, 0.5983300332225914], [-0.06353684210526317, 0.5562419933554817], [-0.02222255639097745, 0.5335144518272426], [0.007132330827067657, 0.5756024916943522], [0.02996390977443608, 0.592437707641196], [0.02996390977443608, 0.5503496677740863], [0.041923308270676696, 0.5175209966777409], [0.0962842105263158, 0.5175209966777409], [0.08323759398496239, 0.5537167109634551], [0.08323759398496239, 0.5958047508305648], [0.08323759398496239, 0.6378927906976744], [-0.16247368421052633, 0.6631456146179402], [0.0908481203007519, 0.6639873754152824], [-0.1505142857142857, 0.6639873754152824], [-0.14833984962406016, 0.6235828571428571], [-0.14833984962406016, 0.5814948172757475], [-0.15160150375939851, 0.5394067774086378], [-0.1526887218045113, 0.5427738205980066], [-0.1505142857142857, 0.5848618604651162], [-0.1505142857142857, 0.6269499003322259], [-0.15595037593984964, 0.6639873754152824], [-0.16356090225563913, 0.6648291362126246], [-0.15703759398496242, 0.666512657807309], [-0.1646481203007519, 0.6673544186046512], [-0.15812481203007522, 0.6681961794019933], [0.095196992481203, 0.6715632225913621], [0.0886736842105263, 0.6724049833887042], [0.08323759398496239, 0.6724049833887042], [-0.16899699248120303, 0.6740885049833887], [0.0897609022556391, 0.6749302657807309], [-0.15703759398496242, 0.6749302657807309], [-0.16247368421052633, 0.6757720265780731], [0.0908481203007519, 0.6766137873754152], [0.09845864661654136, 0.6774555481727574], [-0.15812481203007522, 0.6774555481727574], [-0.16356090225563913, 0.6774555481727574], [-0.1646481203007519, 0.6791390697674419], [0.0886736842105263, 0.6816643521594684], [0.10172030075187971, 0.6825061129568106], [0.0897609022556391, 0.6833478737541527], [-0.17443308270676694, 0.6833478737541527], [0.095196992481203, 0.6841896345514951], [-0.16247368421052633, 0.6841896345514951], [0.10280751879699246, 0.6850313953488372], [0.0962842105263158, 0.6858731561461794], [0.0908481203007519, 0.6858731561461794], [-0.16356090225563913, 0.6867149169435216], [-0.16899699248120303, 0.6867149169435216], [-0.1700842105263158, 0.6883984385382059], [-0.1776947368421053, 0.6892401993355481], [-0.17117142857142859, 0.6900819601328904], [0.018004511278195467, 0.6917654817275747], [-0.005914285714285733, 0.6513609634551495], [-0.036356390977443614, 0.6109564451827243], [-0.029833082706766934, 0.6210575747508306], [-0.0015654135338346031, 0.6631456146179402], [-0.16682255639097746, 0.6926072425249169], [-0.11246165413533837, 0.6934490033222591], [-0.07875789473684211, 0.6589368106312292], [-0.05049022556390978, 0.6168487707641196], [-0.02222255639097745, 0.6126399667774086], [0.006045112781954909, 0.6547280066445182], [0.03757443609022554, 0.6934490033222591], 