{"yellow": [[-0.2538, 0.73217], [-0.2538, 0.6900819601328904], [-0.2538, 0.6479939202657807], [-0.2538, 0.6059058803986711], [-0.2538, 0.5638178405315615], [-0.2538, 0.5217298006644518], [-0.2538, 0.4796417607973422], [-0.2017543859649123, 0.4788], [-0.1486466165413534, 0.4788], [-0.09553884711779448, 0.4788], [-0.04243107769423557, 0.4788], [0.01067669172932334, 0.4788], [0.06378446115288222, 0.4788], [0.11689223057644116, 0.4788], [0.17000000000000004, 0.4788], [0.17000000000000004, 0.5208880398671096], [0.17000000000000004, 0.5629760797342193], [0.17000000000000004, 0.6050641196013289], [0.17000000000000004, 0.6471521594684385], [0.17000000000000004, 0.6892401993355481], [0.17000000000000004, 0.7313282392026578], [0.11795438596491231, 0.73217], [0.06484661654135343, 0.73217], [0.011738847117794493, 0.73217], [-0.04136892230576439, 0.73217], [-0.0944766917293233, 0.73217], [-0.1475844611528822, 0.73217], [-0.20069223057644112, 0.73217]], "red": [[0.013863157894736855, 0.5217298006644518], [0.08290325814536342, 0.5469826245847176], [0.10095989974937347, 0.5116286710963455], [0.04785213032581459, 0.5116286710963455], [0.019173934837092732, 0.5133121926910299], [0.07228170426065167, 0.5133121926910299], [0.0956491228070176, 0.5284638870431894], [0.014925313283208064, 0.5823365780730897], [0.017049624060150426, 0.5419320598006645], [0.014925313283208064, 0.5436155813953488], [0.012801002506265702, 0.5823365780730897], [-0.0944766917293233, 0.5823365780730897], [-0.0657984962406015, 0.5419320598006645], [-0.021187969924812006, 0.5318309302325581], [0.007490225563909825, 0.5739189700996677], [-0.007379949874686709, 0.5469826245847176], [-0.05092832080200499, 0.5276221262458471], [-0.08279298245614033, 0.5638178405315615], [-0.09660100250626566, 0.5823365780730897], [-0.0944766917293233, 0.5419320598006645], [-0.11040902255639098, 0.5116286710963455], [-0.1635167919799499, 0.5116286710963455], [-0.1720140350877193, 0.5360397342192691], [-0.1826355889724311, 0.5175209966777409], [-0.13696290726817043, 0.5133121926910299], [-0.09660100250626566, 0.5234133222591362], [-0.09660100250626566, 0.5655013621262458], [-0.1040360902255639, 0.6033805980066445], [-0.10084962406015038, 0.5629760797342193], [-0.10084962406015038, 0.5208880398671096], [-0.14970877192982457, 0.5158374750830564], [-0.1635167919799499, 0.5377232558139535], [-0.1677654135338346, 0.5175209966777409], [-0.11465764411027568, 0.5175209966777409], [-0.10297393483709272, 0.5511914285714286], [-0.10297393483709272, 0.5932794684385382], [-0.10828471177944862, 0.6033805980066445], [-0.10616040100250626, 0.5629760797342193], [-0.10616040100250626, 0.5208880398671096], [-0.158206015037594, 0.5192045182724252], [-0.12634135338345864, 0.5208880398671096], [-0.10828471177944862, 0.548666146179402], [-0.10828471177944862, 0.5907541860465116], [-0.10722255639097744, 0.6050641196013289], [-0.10828471177944862, 0.6059058803986711], [-0.10722255639097744, 0.6067476411960133], [0.023422556390977456, 0.6168487707641196], [-0.001007017543859623, 0.5764442524916944], [-0.029685213032581426, 0.5351979734219269], [-0.06898496240601504, 0.5604507973421927], [-0.09660100250626566, 0.6025388372093023], [-0.0849172932330827, 0.5890706644518272], [-0.056239097744360894, 0.5469826245847176], [-0.019063659147869644, 0.552874950166113], [0.008552380952380978, 0.5949629900332226], [0.026609022556391027, 0.6176905315614618], [0.02767117794486218, 0.5772860132890365], [0.02767117794486218, 0.5351979734219269], [0.06378446115288222, 0.5208880398671096], [0.07121954887218046, 0.5436155813953488], [0.07334385964912282, 0.5192045182724252], [0.025546867167919818, 0.5250968438538206], [0.025546867167919818, 0.5671848837209302], [0.025546867167919818, 0.6092729235880399], [0.024484711779448665, 0.6176905315614618], [-0.10828471177944862, 0.6176905315614618], [-0.1635167919799499, 0.6606203322259137], [-0.16139248120300753, 0.6202158139534883], [-0.16139248120300753, 0.5781277740863787], [-0.1635167919799499, 0.5579255149501661], [-0.1635167919799499, 0.6000135548172757], [-0.1635167919799499, 0.6421015946843853], [0.08184110275689227, 0.6614620930232558], [0.08396541353383463, 0.6210575747508306], [0.08396541353383463, 0.5789695348837209], [0.08184110275689227, 0.557083754152824], [0.08184110275689227, 0.5991717940199336], [0.08184110275689227, 0.6412598338870432], [0.07015739348370931, 0.6614620930232558], [0.07228170426065167, 0.6210575747508306], [0.07228170426065167, 0.5789695348837209], [0.07015739348370931, 0.5537167109634551], [0.07015739348370931, 0.5958047508305648], [0.07015739348370931, 0.6378927906976744], [-0.1571438596491228, 0.662303853820598], [-0.15501954887218045, 0.6218993355481728], [-0.15501954887218045, 0.5798112956810632], [-0.1571438596491228, 0.552874950166113], [-0.1571438596491228, 0.5949629900332226], [-0.1571438596491228, 0.6370510299003322], [0.07546817042606518, 0.6631456146179402], [0.07759248120300755, 0.6227410963455149], [0.07759248120300755, 0.5806530564784053], [0.08290325814536342, 0.5385650166112956], [0.07228170426065167, 0.5158374750830564], [0.021298245614035094, 0.5183627574750831], [0.021298245614035094, 0.5604507973421927], [0.021298245614035094, 0.6025388372093023], [-0.006317794486215528, 0.5604507973421927], [-0.04349323308270675, 0.5318309302325581], [-0.07748220551378446, 0.566343122923588], [-0.09660100250626566, 0.5983300332225914], [-0.06792280701754386, 0.5562419933554817], [-0.02756090225563909, 0.5335144518272426], [0.001117293233082739, 0.5756024916943522], [0.023422556390977456, 0.592437707641196], [0.023422556390977456, 0.5503496677740863], [0.03510626566416042, 0.5175209966777409], [0.08821403508771936, 0.5175209966777409], [0.07546817042606518, 0.5537167109634551], [0.07546817042606518, 0.5958047508305648], [0.07546817042606518, 0.6378927906976744], [-0.16457894736842105, 0.6631456146179402], [0.08290325814536342, 0.6639873754152824], [-0.15289523809523808, 0.6639873754152824], [-0.15077092731829575, 0.6235828571428571], [-0.15077092731829575, 0.5814948172757475], [-0.1539573934837093, 0.5394067774086378], [-0.15501954887218045, 0.5427738205980066], [-0.15289523809523808, 0.5848618604651162], [-0.15289523809523808, 0.6269499003322259], [-0.158206015037594, 0.6639873754152824], [-0.16564110275689226, 0.6648291362126246], [-0.15926817042606517, 0.666512657807309], [-0.1667032581453634, 0.6673544186046512], [-0.16033032581453635, 0.6681961794019933], [0.08715187969924815, 0.6715632225913621], [0.08077894736842112, 0.6724049833887042], [0.07546817042606518, 0.6724049833887042], [-0.17095187969924813, 0.6740885049833887], [0.08184110275689227, 0.6749302657807309], [-0.15926817042606517, 0.6749302657807309], [-0.16457894736842105, 0.6757720265780731], [0.08290325814536342, 0.6766137873754152], [0.09033834586466172, 0.6774555481727574], [-0.16033032581453635, 0.6774555481727574], [-0.16564110275689226, 0.6774555481727574], [-0.1667032581453634, 0.6791390697674419], [0.08077894736842112, 0.6816643521594684], [0.09352481203007523, 0.6825061129568106], [0.08184110275689227, 0.6833478737541527], [-0.176262656641604, 0.6833478737541527], [0.08715187969924815, 0.6841896345514951], [-0.16457894736842105, 0.6841896345514951], [0.09458696741854639, 0.6850313953488372], [0.08821403508771936, 0.6858731561461794], [0.08290325814536342, 0.6858731561461794], [-0.16564110275689226, 0.6867149169435216], [-0.17095187969924813, 0.6867149169435216], [-0.1720140350877193, 0.6883984385382059], [-0.17944912280701755, 0.6892401993355481], [-0.1730761904761905, 0.6900819601328904], [0.011738847117794493, 0.6917654817275747], [-0.011628571428571405, 0.6513609634551495], [-0.04136892230576439, 0.6109564451827243], [-0.03499598997493733, 0.6210575747508306], [-0.007379949874686709, 0.6631456146179402], [-0.16882756892230577, 0.6926072425249169], [-0.11571979949874686, 0.6934490033222591], [-0.08279298245614033, 0.6589368106312292], [-0.05517694235588971, 0.6168487707641196], [-0.02756090225563909, 