{"yellow": [[-0.2538, 0.73217], [-0.2538, 0.7083793896713615], [-0.2538, 0.684588779342723], [-0.2538, 0.6607981690140845], [-0.2538, 0.637007558685446], [-0.2538, 0.6132169483568075], [-0.2538, 0.589426338028169], [-0.2538, 0.5656357276995305], [-0.2538, 0.541845117370892], [-0.2538, 0.5180545070422535], [-0.2538, 0.49426389671361504], [-0.24234594594594597, 0.4788], [-0.20962007722007725, 0.4788], [-0.1768942084942085, 0.4788], [-0.14416833976833976, 0.4788], [-0.11144247104247104, 0.4788], [-0.07871660231660232, 0.4788], [-0.04599073359073358, 0.4788], [-0.013264864864864861, 0.4788], [0.019461003861003856, 0.4788], [0.0521868725868726, 0.4788], [0.08491274131274135, 0.4788], [0.11763861003861009, 0.4788], [0.15036447876447878, 0.4788], [0.17000000000000004, 0.4883162441314554], [0.17000000000000004, 0.5121068544600939], [0.17000000000000004, 0.5358974647887323], [0.17000000000000004, 0.559688075117371], [0.17000000000000004, 0.5834786854460094], [0.17000000000000004, 0.6072692957746479], [0.17000000000000004, 0.6310599061032864], [0.17000000000000004, 0.6548505164319249], [0.17000000000000004, 0.6786411267605634], [0.17000000000000004, 0.7024317370892019], [0.17000000000000004, 0.7262223474178404], [0.14545559845559847, 0.73217], [0.11272972972972978, 0.73217], [0.08000386100386103, 0.73217], [0.04727799227799229, 0.73217], [0.014552123552123541, 0.73217], [-0.018173745173745176, 0.73217], [-0.050899613899613894, 0.73217], [-0.08362548262548264, 0.73217], [-0.11635135135135136, 0.73217], [-0.14907722007722007, 0.73217], [-0.18180308880308882, 0.73217], [-0.21452895752895756, 0.73217], [-0.24725482625482628, 0.73217]], "blue": [[0.06691351351351355, 0.5002115492957746], [0.07509498069498072, 0.5037801408450704], [0.07673127413127417, 0.5073487323943662], [0.07345868725868726, 0.5097277934272301], [0.06527722007722009, 0.510917323943662], [0.06364092664092669, 0.5014010798122066], [-0.12616911196911199, 0.5406555868544601], [-0.07380772200772201, 0.5430346478873239], [-0.041081853281853264, 0.5442241784037558], [-0.01490115830115829, 0.5335184037558686], [0.003098069498069511, 0.5097277934272301], [0.030915057915057942, 0.5025906103286385], [0.04073281853281857, 0.5002115492957746], [0.008006949806949826, 0.5002115492957746], [-0.011628571428571433, 0.5228126291079812], [-0.03126409266409266, 0.541845117370892], [-0.06398996138996138, 0.541845117370892], [-0.049263320463320465, 0.5382765258215962], [-0.049263320463320465, 0.5144859154929577], [-0.06398996138996138, 0.5002115492957746], [-0.09671583011583013, 0.5002115492957746], [-0.12944169884169884, 0.5002115492957746], [-0.15071351351351353, 0.5097277934272301], [-0.15071351351351353, 0.5335184037558686], [-0.12453281853281853, 0.5394660563380281], [-0.14744092664092665, 0.5311393427230047], [-0.14744092664092665, 0.5073487323943662], [-0.12126023166023167, 0.5025906103286385], [-0.08853436293436293, 0.5025906103286385], [-0.05580849420849421, 0.5025906103286385], [-0.05253590733590732, 0.5240021596244131], [-0.06726254826254827, 0.5370869953051643], [0.04400540540540543, 0.5466032394366197], [0.04727799227799229, 0.5251916901408451], [0.04400540540540543, 0.510917323943662], [0.04400540540540543, 0.5347079342723005], [-0.021446332046332034, 0.5466032394366197], [-0.0018108108108108034, 0.526381220657277], [0.017824710424710455, 0.5073487323943662], [0.04073281853281857, 0.5049696713615024], [0.008006949806949826, 0.5061592018779343], [-0.008355984555984547, 0.5299498122065728], [-0.08035289575289575, 0.5477927699530516], [-0.047627027027027036, 0.5489823004694836], [-0.02471891891891892, 0.5466032394366197], [-0.05744478764478764, 0.5466032394366197], [-0.07871660231660232, 0.5370869953051643], [-0.05580849420849421, 0.5287602816901409], [-0.05744478764478764, 0.5049696713615024], [-0.09017065637065638, 0.5049696713615024], [-0.1228965250965251, 0.5049696713615024], [-0.14416833976833976, 0.5144859154929577], [-0.13762316602316604, 0.5347079342723005], [-0.12126023166023167, 0.5466032394366197], [-0.12944169884169884, 0.5323288732394367], [-0.1408957528957529, 0.5168649765258216], [-0.12126023166023167, 0.5073487323943662], [-0.08853436293436293, 0.5073487323943662], [-0.059081081081081066, 0.5097277934272301], [-0.06071737451737452, 0.5323288732394367], [-0.08198918918918918, 0.541845117370892], [-0.19980231660231662, 0.5751519718309859], [-0.19652972972972976, 0.573962441314554], [-0.19652972972972976, 0.5501718309859155], [-0.16544015444015445, 0.5489823004694836], [-0.13271428571428573, 0.5489823004694836], [-0.13925945945945947, 0.5466032394366197], [-0.1719853281853282, 0.5466032394366197], [-0.19980231660231662, 0.5513613615023474], [0.003098069498069511, 0.5775310328638498], [0.006370656370656369, 0.5787205633802817], [-0.00344710424710426, 0.5965635211267606], [-0.00017451737451734672, 0.5977530516431925], [-0.07544401544401544, 0.6120274178403756], [-0.07217142857142858, 0.5906158685446009], [-0.05253590733590732, 0.5810996244131456], [-0.0688988416988417, 0.604890234741784], [-0.06071737451737452, 0.5977530516431925], [-0.05744478764478764, 0.5787205633802817], [-0.07544401544401544, 0.5906158685446009], [-0.02471891891891892, 0.6298703755868544], [0.0014617760617760545, 0.6251122535211268], [0.0014617760617760545, 0.6013216431924883], [-0.0018108108108108034, 0.6179750704225352], [-0.019810038610038605, 0.6286808450704225], [-0.005083397683397661, 0.6060797652582159], [-0.013264864864864861, 0.6108378873239437], [-0.08198918918918918, 0.6310599061032864], [-0.07871660231660232, 0.6096483568075117], [-0.07871660231660232, 0.5858577464788732], [-0.05744478764478764, 0.5763415023474179], [-0.050899613899613894, 0.589426338028169], [-0.06726254826254827, 0.6132169483568075], [-0.07380772200772201, 0.6274913145539907], [-0.05744478764478764, 0.6037007042253522], [-0.039445559845559836, 0.5799100938967137], [-0.06562625482625484, 0.573962441314554], [-0.08198918918918918, 0.5882368075117371], [-0.08198918918918918, 0.6120274178403756], [0.04400540540540543, 0.6346284976525822], [0.0701861003861004, 0.6263017840375587], [0.0701861003861004, 0.6025111737089202], [0.06854980694980695, 0.5787205633802817], [0.04400540540540543, 0.5810996244131456], [0.04400540540540543, 0.604890234741784], [0.04400540540540543, 0.6286808450704225], [0.04727799227799229, 0.6334389671361502], [0.04727799227799229, 0.6096483568075117], [0.04727799227799229, 0.5858577464788732], [0.06691351351351355, 0.5810996244131456], [0.06691351351351355, 0.604890234741784], [0.06691351351351355, 0.6286808450704225], [0.050550579150579145, 0.6298703755868544], [0.06364092664092669, 0.6144064788732394], [0.06364092664092669, 0.5906158685446009], [0.050550579150579145, 0.5858577464788732], [0.050550579150579145, 0.6096483568075117], [0.05382316602316606, 0.6286808450704225], [0.05382316602316606, 0.604890234741784], [0.05382316602316606, 0.5810996244131456], [0.060368339768339774, 0.6025111737089202], [0.060368339768339774, 0.6263017840375587], [-0.03617297297297298, 0.6346284976525822], [-0.00344710424710426, 0.6358180281690141], [0.008006949806949826, 0.6191646009389671], [0.008006949806949826, 0.5953739906103286], [0.004734362934362968, 0.5858577464788732], [0.004734362934362968, 0.6096483568075117], [0.004734362934362968, 0.6334389671361502], [-0.027991505791505777, 0.6334389671361502], [-0.018173745173745176, 0.6132169483568075], [-0.0018108108108108034, 0.589426338028169], [-0.005083397683397661, 0.589426338028169], [-0.021446332046332034, 0.6132169483568075], [-0.14416833976833976, 0.6346284976525822], [-0.11798764478764479, 0.6298703755868544], [-0.11798764478764479, 0.6060797652582159], [-0.11798764478764479, 0.5822891549295774], [-0.1408957528957529, 0.573962441314554], [-0.14416833976833976, 0.5977530516431925], [-0.14416833976833976, 0.621543661971831], [-0.1408957528957529, 0.6334389671361502], [-0.1408957528957529, 0.6096483568075117], [-0.1408957528957529, 0.5858577464788732], [-0.12126023166023167, 