{"yellow": [[-0.2538, 0.73217], [-0.2538, 0.7130236523929471], [-0.2538, 0.6938773047858942], [-0.2538, 0.6747309571788414], [-0.2538, 0.6555846095717884], [-0.2538, 0.6364382619647355], [-0.2538, 0.6172919143576826], [-0.2538, 0.5981455667506297], [-0.2538, 0.5789992191435768], [-0.2538, 0.559852871536524], [-0.2538, 0.540706523929471], [-0.2538, 0.5215601763224181], [-0.2538, 0.5024138287153652], [-0.2538, 0.48326748110831236], [-0.23322804123711344, 0.4788], [-0.20639505154639176, 0.4788], [-0.17956206185567014, 0.4788], [-0.15272907216494847, 0.4788], [-0.12589608247422682, 0.4788], [-0.09906309278350517, 0.4788], [-0.07223010309278352, 0.4788], [-0.04539711340206187, 0.4788], [-0.018564123711340225, 0.4788], [0.008268865979381423, 0.4788], [0.035101855670103044, 0.4788], [0.06193484536082472, 0.4788], [0.08876783505154634, 0.4788], [0.11560082474226802, 0.4788], [0.14243381443298964, 0.4788], [0.1692668041237113, 0.4788], [0.18, 0.49028780856423176], [0.18, 0.5094341561712846], [0.18, 0.5285805037783375], [0.18, 0.5477268513853905], [0.18, 0.5668731989924434], [0.18, 0.5860195465994962], [0.18, 0.6051658942065491], [0.18, 0.624312241813602], [0.18, 0.6434585894206549], [0.18, 0.6626049370277078], [0.18, 0.6817512846347606], [0.18, 0.7008976322418136], [0.18, 0.7200439798488665], [0.17016123711340203, 0.73217], [0.1433282474226804, 0.73217], [0.11649525773195873, 0.73217], [0.08966226804123711, 0.73217], [0.06282927835051544, 0.73217], [0.03599628865979376, 0.73217], [0.009163298969072142, 0.73217], [-0.017669690721649506, 0.73217], [-0.044502680412371154, 0.73217], [-0.0713356701030928, 0.73217], [-0.09816865979381445, 0.73217], [-0.1250016494845361, 0.73217], [-0.15183463917525775, 0.73217], [-0.17866762886597942, 0.73217], [-0.20550061855670104, 0.73217], [-0.23233360824742272, 0.73217]], "blue": [[0.08876783505154634, 0.49347886649874056], [0.08966226804123711, 0.49475528967254406], [0.08519010309278346, 0.49475528967254406], [0.09502886597938143, 0.49539350125944587], [0.09145113402061855, 0.49539350125944587], [0.08787340206185562, 0.49539350125944587], [0.08608453608247418, 0.4960317128463476], [0.09681773195876286, 0.49666992443324937], [0.08340123711340203, 0.49666992443324937], [0.08519010309278346, 0.4973081360201511], [0.09323999999999999, 0.4992227707808564], [0.08966226804123711, 0.4992227707808564], [0.09413443298969071, 0.49986098236775817], [0.08429567010309275, 0.49986098236775817], [0.09771216494845358, 0.5004991939546599], [0.09592329896907215, 0.5004991939546599], [0.08876783505154634, 0.5004991939546599], [0.08250680412371131, 0.5004991939546599], [0.09502886597938143, 0.5011374055415617], [0.09323999999999999, 0.5011374055415617], [0.0869789690721649, 0.5011374055415617], [0.08519010309278346, 0.5011374055415617], [0.09145113402061855, 0.5017756171284635], [0.08787340206185562, 0.5017756171284635], [0.08787340206185562, 0.503052040302267], [0.09413443298969071, 0.5036902518891687], [0.0869789690721649, 0.5043284634760705], [-0.048974845360824776, 0.5241130226700252], [-0.04718597938144334, 0.5062430982367758], [-0.048974845360824776, 0.5011374055415617], [-0.048974845360824776, 0.5202837531486146], [-0.14825690721649487, 0.5247512342569269], [-0.12142391752577322, 0.5253894458438287], [-0.14646804123711343, 0.5241130226700252], [-0.14646804123711343, 0.5049666750629723], [-0.13394597938144331, 0.4941170780856423], [-0.10711298969072167, 0.4941170780856423], [-0.08028000000000002, 0.4941170780856423], [-0.05344701030927837, 0.4941170780856423], [-0.06865237113402065, 0.4928406549118388], [-0.0954853608247423, 0.4928406549118388], [-0.12231835051546394, 0.4928406549118388], [-0.14825690721649487, 0.49475528967254406], [-0.14825690721649487, 0.513901637279597], [0.06819587628865975, 0.540706523929471], [0.09502886597938143, 0.5413447355163727], [0.09145113402061855, 0.5400683123425692], [-0.07670226804123714, 0.540706523929471], [-0.049869278350515495, 0.5413447355163727], [-0.023036288659793847, 0.5413447355163727], [0.00021896907216489847, 0.535600831234257], [0.013635463917525736, 0.516454483627204], [0.027946391752577293, 0.4973081360201511], [0.052990515463917476, 0.4941170780856423], [0.06730144329896903, 0.503052040302267], [0.06730144329896903, 0.5221983879093199], [0.06909030927835047, 0.5400683123425692], [0.06909030927835047, 0.5209219647355163], [0.06909030927835047, 0.5017756171284635], [0.053884948453608195, 0.4928406549118388], [0.027051958762886574, 0.49475528967254406], [0.013635463917525736, 0.513901637279597], [-0.0006754639175258204, 0.5330479848866498], [-0.022141855670103128, 0.5400683123425692], [-0.048974845360824776, 0.5400683123425692], [-0.0749134020618557, 0.5394301007556676], [-0.06686350515463921, 0.5253894458438287], [-0.056130309278350554, 0.5241130226700252], [-0.07670226804123714, 0.529856926952141], [-0.21086721649484538, 0.540706523929471], [-0.18403422680412374, 0.5413447355163727], [-0.1572012371134021, 0.5413447355163727], [-0.13036824742268044, 0.5413447355163727], [-0.11874061855670107, 0.529856926952141], [-0.1205294845360825, 0.5381536775818639], [-0.144679175257732, 0.5400683123425692], [-0.17151216494845362, 0.5400683123425692], [-0.1983451546391753, 0.5400683123425692], [-0.030191752577319625, 0.5719788916876574], [-0.2117616494845361, 0.5719788916876574], [-0.20997278350515466, 0.5541089672544081], [-0.2117616494845361, 0.546450428211587], [-0.2117616494845361, 0.5655967758186398], [0.024368659793814418, 0.5738935264483627], [0.02257979381443298, 0.5738935264483627], [-0.0749134020618557, 0.637714685138539], [-0.06060247422680415, 0.6198447607052897], [-0.04718597938144334, 0.6006984130982368], [-0.03287505154639178, 0.5815520654911839], [-0.03555835051546394, 0.5815520654911839], [-0.048974845360824776, 0.6006984130982368], [-0.0632857731958763, 0.6198447607052897], [-0.07670226804123714, 0.637714685138539], [-0.0749134020618557, 0.6198447607052897], [-0.0749134020618557, 0.6006984130982368], [-0.0749134020618557, 0.5815520654911839], [-0.05970804123711343, 0.573255314861461], [-0.03287505154639178, 0.573255314861461], [-0.05255257731958765, 0.5719788916876574], [-0.07670226804123714, 0.5745317380352645], [-0.07670226804123714, 0.5936780856423174], [-0.07670226804123714, 0.6128244332493703], [-0.07670226804123714, 0.6319707808564232], [0.06730144329896903, 0.6383528967254408], [0.06909030927835047, 0.6204829722921914], [0.06909030927835047, 0.6013366246851385], [0.06909030927835047, 0.5821902770780857], [0.06730144329896903, 0.5821902770780857], [0.06730144329896903, 0.6013366246851385], [0.06730144329896903, 0.6204829722921914], [0.08787340206185562, 0.6389911083123425], [0.09681773195876286, 0.621759395465995], [0.09681773195876286, 0.6026130478589421], [0.09681773195876286, 0.5834667002518892], [0.07892907216494843, 0.5719788916876574], [0.08429567010309275, 0.573255314861461], [0.09502886597938143, 0.5892106045340051], [0.09502886597938143, 0.6083569521410579], [0.09502886597938143, 0.6275032997481108], [0.06819587628865975, 0.6389911083123425], [0.0234742268041237, 0.6389911083123425], [0.025263092783505137, 0.6211211838790932], [0.025263092783505137, 0.6019748362720403], [0.025263092783505137, 0.5828284886649874], [0.0234742268041237, 0.5841049118387909], [0.0234742268041237, 0.6032512594458438], [0.0234742268041237, 0.6223976070528967], [-0.14825690721649487, 0.6389911083123425], [-0.14646804123711343, 0.621759395465995], [-0.14646804123711343, 0.6026130478589421], [-0.14646804123711343, 0.5834667002518892], [-0.13394597938144331, 0.573255314861461], [-0.1205294845360825, 0.5828284886649874], [-0.1205294845360825, 0.6019748362720403], [-0.1205294845360825, 0.6211211838790932], [-0.11963505154639179, 0.6396293198992443], [-0.11874061855670107, 0.6204829722921914], [-0.11874061855670107, 0.6013366246851385], [-0.11874061855670107, 0.5821902770780857], [-0.13215711340206188, 0.5719788916876574], [-0.14825690721649487, 0.5802756423173804], [-0.14825690721649487, 