{"orange": [[-0.2538, 0.73217], [-0.2538, 0.7061833333333334], [-0.2538, 0.6801966666666667], [-0.2538, 0.65421], [-0.2538, 0.6282233333333334], [-0.2538, 0.6022366666666666], [-0.2538, 0.57625], [-0.2538, 0.5502633333333333], [-0.2538, 0.5242766666666667], [-0.2538, 0.49829], [-0.24432985074626867, 0.4788], [-0.20644925373134332, 0.4788], [-0.16856865671641794, 0.4788], [-0.13068805970149255, 0.4788], [-0.09280746268656717, 0.4788], [-0.05492686567164182, 0.4788], [-0.017046268656716435, 0.4788], [0.0, 0.4930926666666667], [0.0, 0.5190793333333333], [0.0, 0.545066], [0.0, 0.5710526666666667], [0.0, 0.5970393333333334], [0.0, 0.623026], [0.0, 0.6490126666666667], [0.0, 0.6749993333333333], [0.0, 0.700986], [0.0, 0.7269726666666667], [-0.0303044776119403, 0.73217], [-0.06818507462686568, 0.73217], [-0.10606567164179106, 0.73217], [-0.14394626865671645, 0.73217], [-0.1818268656716418, 0.73217], [-0.21970746268656718, 0.73217]], "red": [[-0.20644925373134332, 0.494392], [-0.16856865671641794, 0.4956913333333333], [-0.13068805970149255, 0.4956913333333333], [-0.09280746268656717, 0.4956913333333333], [-0.1041716417910448, 0.4930926666666667], [-0.14205223880597018, 0.4930926666666667], [-0.17993283582089553, 0.4930926666666667], [-0.1647805970149254, 0.5125826666666666], [-0.18561492537313434, 0.5047866666666667], [-0.17425074626865672, 0.5073853333333334], [-0.16288656716417912, 0.513882], [-0.05871492537313433, 0.5268753333333334], [-0.08333731343283585, 0.5047866666666667], [-0.1212179104477612, 0.5047866666666667], [-0.15909850746268658, 0.509984], [-0.1269, 0.5073853333333334], [-0.08901940298507463, 0.5073853333333334], [-0.1269, 0.5385693333333333], [-0.09280746268656717, 0.53727], [-0.1572044776119403, 0.5437666666666667], [-0.11932388059701493, 0.545066], [-0.11174776119402988, 0.5424673333333333], [-0.14962835820895526, 0.5424673333333333], [-0.09848955223880598, 0.545066], [-0.15909850746268658, 0.5463653333333334], [-0.2007671641791045, 0.5502633333333333], [-0.19697910447761197, 0.5268753333333334], [-0.2007671641791045, 0.5112833333333333], [-0.2007671641791045, 0.53727], [-0.19887313432835824, 0.5515626666666666], [-0.16099253731343285, 0.5515626666666666], [-0.13826417910447764, 0.541168], [-0.14962835820895526, 0.5385693333333333], [-0.17235671641791045, 0.5502633333333333], [-0.1572044776119403, 0.5619573333333333], [-0.2083432835820896, 0.5619573333333333], [-0.20455522388059705, 0.5385693333333333], [-0.20455522388059705, 0.5125826666666666], [-0.2083432835820896, 0.502188], [-0.2083432835820896, 0.5281746666666667], [-0.2083432835820896, 0.5541613333333333], [-0.20644925373134332, 0.5632566666666666], [-0.16856865671641794, 0.5645560000000001], [-0.17993283582089553, 0.5619573333333333], [-0.10227761194029852, 0.5840460000000001], [-0.09848955223880598, 0.560658], [-0.1212179104477612, 0.548964], [-0.15152238805970153, 0.5515626666666666], [-0.11364179104477615, 0.5515626666666666], [-0.10227761194029852, 0.5697533333333333], [-0.09659552238805971, 0.587944], [-0.09280746268656717, 0.5645560000000001], [-0.09659552238805971, 0.5515626666666666], [-0.09659552238805971, 0.5775493333333334], [-0.05682089552238806, 0.6009373333333333], [-0.053032835820895546, 0.5775493333333334], [-0.053032835820895546, 0.5515626666666666], [-0.05682089552238806, 0.5281746666666667], [-0.05682089552238806, 0.5541613333333333], [-0.05682089552238806, 0.580148], [-0.053032835820895546, 0.6048353333333334], [-0.049244776119403005, 0.5814473333333333], [-0.049244776119403005, 0.5554606666666667], [-0.049244776119403005, 0.529474], [-0.0738671641791045, 0.5034873333333333], [-0.11174776119402988, 0.49958933333333333], [-0.14962835820895526, 0.49958933333333333], [-0.1875089552238806, 0.49958933333333333], [-0.20455522388059705, 0.5151813333333334], [-0.20455522388059705, 0.541168], [-0.18940298507462688, 0.5580593333333334], [-0.1572044776119403, 0.552862], [-0.176144776119403, 0.5554606666666667], [-0.2007671641791045, 0.5463653333333334], [-0.2007671641791045, 0.5203786666666667], [-0.18940298507462688, 0.502188], [-0.15152238805970153, 0.502188], [-0.11364179104477615, 0.502188], [-0.07765522388059704, 0.506086], [-0.053032835820895546, 0.5320726666666666], [-0.053032835820895546, 0.5580593333333334], [-0.053032835820895546, 0.5840460000000001], [-0.19887313432835824, 0.6126313333333333], [-0.1647805970149254, 0.5970393333333334], [-0.1269, 0.5970393333333334], [-0.08901940298507463, 0.59574], [-0.08901940298507463, 0.5697533333333333], [-0.08901940298507463, 0.5437666666666667], [-0.09280746268656717, 0.5593586666666667], [-0.09280746268656717, 0.5853453333333334], [-0.11742985074626866, 0.5944406666666666], [-0.15531044776119404, 0.5944406666666666], [-0.19129701492537315, 0.6048353333333334], [-0.08712537313432839, 0.6256246666666667], [-0.05492686567164182, 0.6048353333333334], [-0.08144328358208958, 0.623026], [-0.1647805970149254, 0.626924], [-0.1269, 0.6282233333333334], [-0.08901940298507463, 0.6282233333333334], [-0.11932388059701493, 0.6256246666666667], [-0.1572044776119403, 0.6256246666666667], [-0.08523134328358212, 0.630822], [-0.053032835820895546, 0.6100326666666667], [-0.07765522388059704, 0.6256246666666667], [-0.0909134328358209, 0.6607066666666667], [-0.0606089552238806, 0.6594073333333333], [-0.10227761194029852, 0.6646046666666667], [-0.08333731343283585, 0.6516113333333333], [-0.049244776119403005, 0.6490126666666667], [-0.08712537313432839, 0.6490126666666667], [-0.1572044776119403, 0.665904], [-0.11932388059701493, 0.6672033333333334], [-0.11932388059701493, 0.6646046666666667], [-0.1534164179104478, 0.662006], [-0.14962835820895526, 0.638618], [-0.11174776119402988, 0.638618], [-0.0738671641791045, 0.63472], [-0.045456716417910464, 0.6087333333333333], [-0.045456716417910464, 0.5827466666666666], [-0.045456716417910464, 0.55676], [-0.045456716417910464, 0.5307733333333333], [-0.06439701492537314, 0.5047866666666667], [-0.06439701492537314, 0.5086846666666667], [-0.049244776119403005, 0.5346713333333334], [-0.049244776119403005, 0.560658], [-0.049244776119403005, 0.5866446666666667], [-0.05492686567164182, 0.6126313333333333], [-0.08523134328358212, 0.6360193333333333], [-0.12311194029850747, 0.6360193333333333], [-0.1572044776119403, 0.6399173333333333], [-0.10038358208955225, 0.6711013333333333], [-0.16099253731343285, 0.6711013333333333], [-0.1572044776119403, 0.6477133333333334], [-0.1401582089552239, 0.6334206666666666], [-0.10227761194029852, 0.6334206666666666], [-0.10227761194029852, 0.630822], [-0.1401582089552239, 0.630822], [-0.16099253731343285, 0.6438153333333333], [-0.16099253731343285, 0.669802], [-0.15909850746268658, 0.6724006666666666], [-0.1212179104477612, 0.6737], [-0.11364179104477615, 0.6711013333333333], [-0.15152238805970153, 0.6711013333333333], [-0.16667462686567167, 0.6749993333333333], [-0.16288656716417912, 0.6516113333333333], [-0.16667462686567167, 0.6282233333333334], [-0.16667462686567167, 0.65421], [-0.09470149253731344, 0.6762986666666666], [-0.09470149253731344, 0.6672033333333334], [-0.1647805970149254, 0.677598], [-0.1269, 0.6788973333333334], [-0.09659552238805971, 0.6762986666666666], [-0.1344761194029851, 0.6762986666666666], [-0.2007671641791045, 0.6879926666666667], [-0.19697910447761197, 0.6646046666666667], [-0.19697910447761197, 0.638618], [-0.19887313432835824, 0.6126313333333333], [-0.2007671641791045, 0.638618], [-0.2007671641791045, 0.6646046666666667], [-0.17993283582089553, 0.7061833333333334], [-0.14205223880597018, 0.7074826666666667], [-0.1041716417910448, 0.7074826666666667], [-0.07007910447761195, 0.7074826666666667], [-0.05492686567164182, 0.6905913333333333], [-0.05492686567164182, 0.6646046666666667], [-0.05871492537313433, 0.6827953333333333], [-0.06439701492537314, 0.7048840000000001], [-0.09848955223880598, 0.700986], [-0.13637014925373137, 0.7048840000000001], [-0.17425074626865672, 0.7048840000000001], [-0.19319104477611942, 0.6957886666666666], 