{"blue": [[-0.2538, 0.73217], [-0.2538, 0.7092963194444444], [-0.2538, 0.6864226388888889], [-0.2538, 0.6635489583333334], [-0.2538, 0.6406752777777778], [-0.2538, 0.6178015972222222], [-0.2538, 0.5949279166666667], [-0.2538, 0.5720542361111112], [-0.2538, 0.5491805555555556], [-0.2538, 0.526306875], [-0.2538, 0.5034331944444445], [-0.2538, 0.4805595138888889], [-0.23872277227722774, 0.4788], [-0.22238910891089111, 0.4788], [-0.20605544554455446, 0.4788], [-0.18972178217821783, 0.4788], [-0.1733881188118812, 0.4788], [-0.15705445544554458, 0.4788], [-0.14072079207920796, 0.4788], [-0.1243871287128713, 0.4788], [-0.10805346534653468, 0.4788], [-0.09171980198019802, 0.4788], [-0.0753861386138614, 0.4788], [-0.05905247524752477, 0.4788], [-0.042718811881188146, 0.4788], [-0.026385148514851492, 0.4788], [-0.010051485148514866, 0.4788], [0.0, 0.48759756944444443], [0.0, 0.51047125], [0.0, 0.5333449305555555], [0.0, 0.5562186111111111], [0.0, 0.5790922916666666], [0.0, 0.6019659722222223], [0.0, 0.6248396527777778], [0.0, 0.6477133333333334], [0.0, 0.6705870138888889], [0.0, 0.6934606944444445], [0.0, 0.716334375], [-0.005025742574257447, 0.73217], [-0.021359405940594073, 0.73217], [-0.0376930693069307, 0.73217], [-0.05402673267326735, 0.73217], [-0.07036039603960398, 0.73217], [-0.0866940594059406, 0.73217], [-0.10302772277227723, 0.73217], [-0.11936138613861388, 0.73217], [-0.1356950495049505, 0.73217], [-0.15202871287128716, 0.73217], [-0.1683623762376238, 0.73217], [-0.18469603960396042, 0.73217], [-0.20102970297029704, 0.73217], [-0.2173633663366337, 0.73217], [-0.23369702970297032, 0.73217], [-0.250030693069307, 0.73217]], "yellow": [[-0.10554059405940597, 0.5069522222222222], [-0.08920693069306931, 0.5087117361111111], [-0.07287326732673269, 0.5087117361111111], [-0.05653960396039606, 0.5087117361111111], [-0.06784752475247527, 0.5051927083333333], [-0.0841811881188119, 0.5051927083333333], [-0.10051485148514852, 0.5051927083333333], [-0.04146237623762378, 0.5139902777777778], [-0.049000990099009906, 0.5192688194444445], [-0.04397524752475249, 0.51047125], [-0.046488118811881196, 0.5175093055555555], [-0.04146237623762378, 0.5069522222222222], [-0.06407821782178219, 0.5368639583333333], [-0.052770297029702984, 0.5298259027777777], [-0.05402673267326735, 0.5069522222222222], [-0.05528316831683169, 0.5298259027777777], [-0.10679702970297031, 0.5368639583333333], [-0.10051485148514852, 0.5351044444444445], [-0.1042841584158416, 0.5175093055555555], [-0.10679702970297031, 0.5192688194444445], [-0.17590099009900992, 0.5368639583333333], [-0.09674554455445547, 0.5386234722222222], [-0.16961881188118816, 0.5386234722222222], [-0.15831089108910892, 0.5368639583333333], [-0.18595247524752478, 0.5386234722222222], [-0.179670297029703, 0.5368639583333333], [-0.15705445544554458, 0.5403829861111111], [-0.1909782178217822, 0.5403829861111111], [-0.1507722772277228, 0.5421425], [-0.19600396039603962, 0.5421425], [-0.144490099009901, 0.5439020138888889], [-0.1997732673267327, 0.5439020138888889], [-0.10679702970297031, 0.5456615277777778], [-0.1394643564356436, 0.5456615277777778], [-0.12941287128712875, 0.5509400694444444], [-0.11433564356435647, 0.5491805555555556], [-0.1130792079207921, 0.5456615277777778], [-0.12815643564356438, 0.5474210416666667], [-0.16710594059405942, 0.5667756944444444], [-0.1532851485148515, 0.5650161805555556], [-0.1532851485148515, 0.5685352083333334], [-0.17464455445544558, 0.5685352083333334], [-0.1733881188118812, 0.5667756944444444], [-0.17841386138613863, 0.5702947222222222], [-0.144490099009901, 0.5720542361111112], [-0.1821831683168317, 0.5720542361111112], [-0.18469603960396042, 0.57381375], [-0.23495346534653466, 0.5914088888888889], [-0.22490198019801982, 0.5720542361111112], [-0.2085683168316832, 0.5544590972222222], [-0.20479900990099012, 0.5456615277777778], [-0.22113267326732677, 0.5614971527777778], [-0.23369702970297032, 0.5843708333333333], [-0.1243871287128713, 0.5984469444444445], [-0.1306693069306931, 0.5790922916666666], [-0.13443861386138617, 0.5790922916666666], [-0.23620990099009903, 0.5984469444444445], [-0.20354257425742578, 0.6019659722222223], [-0.19223465346534657, 0.5843708333333333], [-0.1909782178217822, 0.5773327777777778], [-0.20354257425742578, 0.5984469444444445], [-0.0665910891089109, 0.6037254861111111], [-0.050257425742574274, 0.605485], [-0.0376930693069307, 0.5984469444444445], [-0.051513861386138615, 0.6019659722222223], [-0.06407821782178219, 0.5966874305555555], [-0.06407821782178219, 0.57381375], [-0.06407821782178219, 0.5509400694444444], [-0.0665910891089109, 0.5439020138888889], [-0.0665910891089109, 0.5667756944444444], [-0.0665910891089109, 0.589649375], [-0.10302772277227723, 0.6037254861111111], [-0.09297623762376239, 0.5931684027777777], [-0.09297623762376239, 0.5702947222222222], [-0.09297623762376239, 0.5474210416666667], [-0.0954891089108911, 0.5526995833333334], [-0.0954891089108911, 0.5755732638888889], [-0.0954891089108911, 0.5984469444444445], [-0.10051485148514852, 0.5878898611111111], [-0.10051485148514852, 0.5650161805555556], [-0.1042841584158416, 0.5474210416666667], [-0.10302772277227723, 0.5702947222222222], [-0.10302772277227723, 0.5931684027777777], [-0.1306693069306931, 0.6037254861111111], [-0.12564356435643567, 0.6019659722222223], [-0.20479900990099012, 0.6248396527777778], [-0.2022861386138614, 0.605485], [-0.20479900990099012, 0.621320625], [-0.2374663366336634, 0.6283586805555555], [-0.23495346534653466, 0.6090040277777777], [-0.2374663366336634, 0.6107635416666667], [-0.20354257425742578, 0.6301181944444445], [-0.2022861386138614, 0.6336372222222222], [-0.23620990099009903, 0.6353967361111111], [-0.1507722772277228, 0.63715625], [-0.13443861386138617, 0.6389157638888889], [-0.11810495049504952, 0.6389157638888889], [-0.10177128712871289, 0.6389157638888889], [-0.08543762376237626, 0.6389157638888889], [-0.06910396039603961, 0.6389157638888889], [-0.052770297029702984, 0.6389157638888889], [-0.03643663366336636, 0.6389157638888889], [-0.020102970297029704, 0.6389157638888889], [-0.017590099009900995, 0.6178015972222222], [-0.017590099009900995, 0.5949279166666667], [-0.03015445544554457, 0.5878898611111111], [-0.03643663366336636, 0.5949279166666667], [-0.021359405940594073, 0.5914088888888889], [-0.020102970297029704, 0.6125230555555555], [-0.020102970297029704, 0.6353967361111111], [-0.03643663366336636, 0.6353967361111111], [-0.052770297029702984, 0.6353967361111111], [-0.06910396039603961, 0.6353967361111111], [-0.08543762376237626, 0.6353967361111111], [-0.10177128712871289, 0.6353967361111111], [-0.11810495049504952, 0.6353967361111111], [-0.13443861386138617, 0.6353967361111111], [-0.14825940594059409, 0.6318777083333333], [-0.14825940594059409, 0.6090040277777777], [-0.144490099009901, 0.5914088888888889], [-0.13192574257425743, 0.5984469444444445], [-0.1356950495049505, 0.5878898611111111], [-0.1507722772277228, 0.5914088888888889], [-0.1507722772277228, 0.6142825694444445], [-0.1419772277227723, 0.6582704166666666], [-0.12564356435643567, 0.6477133333333334], [-0.10930990099009902, 0.6477133333333334], [-0.1155920792079208, 0.6441943055555556], [-0.13192574257425743, 0.6494728472222222], [-0.14574653465346538, 0.6600299305555556], [-0.18343960396039605, 0.6600299305555556], [-0.18972178217821783, 0.6494728472222222], [-0.1997732673267327, 0.6389157638888889], [-0.18595247524752478, 0.6582704166666666], [-0.14951584158415843, 0.6617894444444444], [-0.179670297029703, 0.6617894444444444], [-0.15705445544554458, 0.6635489583333334], [-0.15579801980198021, 0.6617894444444444], [-0.17590099009900992, 0.6635489583333334], [-0.16961881188118816, 0.6653084722222222], [-0.15831089108910892, 0.6635489583333334], [-0.1394643564356436, 0.6899416666666667], [-0.1997732673267327, 0.6899416666666667], [-0.20605544554455446, 0.6811440972222222], [-0.22238910891089111, 0.6617894444444444], [-0.23244059405940598, 0.6389157638888889], [-0.2286712871287129, 