{"purple": [[0.17000000000000004, 0.605485], [0.1416107830619226, 0.6688275], [0.06405000000000005, 0.7151974282784316], [-0.04189999999999999, 0.73217], [-0.14784999999999998, 0.7151974282784316], [-0.22541078306192258, 0.6688275], [-0.2538, 0.605485], [-0.22541078306192255, 0.5421425], [-0.1478500000000001, 0.4957725717215684], [-0.04190000000000005, 0.4788], [0.06405000000000005, 0.4957725717215684], [0.14161078306192254, 0.5421425]], "yellow": [[0.16277968259065362, 0.6382734907288128], [0.10793592693342946, 0.6950648225746178], [0.012943755657224165, 0.7278533133034306], [-0.09674375565722418, 0.7278533133034306], [-0.19173592693342942, 0.6950648225746178], [-0.24657968259065358, 0.6382734907288129], [-0.24657968259065363, 0.5726965092711872], [-0.19173592693342947, 0.5159051774253822], [-0.09674375565722412, 0.4831166866965694], [0.012943755657224276, 0.4831166866965694], [0.10793592693342946, 0.5159051774253822], [0.16277968259065362, 0.5726965092711872]]}