{"navy": [[0.1996, 0.605485], [0.16922795903793225, 0.6688275], [0.08625, 0.7151974282784316], [-0.027100000000000013, 0.73217], [-0.14044999999999996, 0.7151974282784316], [-0.22342795903793228, 0.6688275], [-0.2538, 0.605485], [-0.22342795903793225, 0.5421425], [-0.14045000000000013, 0.4957725717215684], [-0.02710000000000007, 0.4788], [0.08625, 0.4957725717215684], [0.1692279590379322, 0.5421425]], "gold": [[0.19187538481973176, 0.6382734907288128], [0.1332011072949903, 0.6950648225746178], [0.031574277524741456, 0.7278533133034306], [-0.08577427752474148, 0.7278533133034306], [-0.18740110729499032, 0.6950648225746178], [-0.2460753848197318, 0.6382734907288129], [-0.24607538481973185, 0.5726965092711872], [-0.18740110729499038, 0.5159051774253822], [-0.08577427752474145, 0.4831166866965694], [0.03157427752474157, 0.4831166866965694], [0.1332011072949903, 0.5159051774253822], [0.19187538481973176, 0.5726965092711872]]}